dataset_id,openml_did,name,n_instances,n_features,n_classes,n_missing_values,missing_value_fraction,n_numerical_features,n_categorical_features,class_balance_ratio,openml_version,class_count_bin,size_bin,balance_bin,stratum
716,716,fri_c3_100_50,100.0,51.0,2.0,0.0,0.0,,,0.6129032258064516,2,binary,small,balanced,binary_small_balanced
775,775,fri_c2_100_25,100.0,26.0,2.0,0.0,0.0,,,0.7543859649122807,2,binary,small,balanced,binary_small_balanced
768,768,fri_c3_100_25,100.0,26.0,2.0,0.0,0.0,,,0.8181818181818182,2,binary,small,balanced,binary_small_balanced
762,762,fri_c2_100_10,100.0,11.0,2.0,0.0,0.0,,,0.8181818181818182,2,binary,small,balanced,binary_small_balanced
812,812,fri_c1_100_25,100.0,26.0,2.0,0.0,0.0,,,0.8867924528301887,2,binary,small,balanced,binary_small_balanced
808,808,fri_c0_100_10,100.0,11.0,2.0,0.0,0.0,,,0.8181818181818182,2,binary,small,balanced,binary_small_balanced
868,868,fri_c4_100_25,100.0,26.0,2.0,0.0,0.0,,,0.8518518518518519,2,binary,small,balanced,binary_small_balanced
889,889,fri_c0_100_25,100.0,26.0,2.0,0.0,0.0,,,1.0,2,binary,small,balanced,binary_small_balanced
876,876,fri_c1_100_50,100.0,51.0,2.0,0.0,0.0,,,0.7857142857142857,2,binary,small,balanced,binary_small_balanced
878,878,fri_c4_100_10,100.0,11.0,2.0,0.0,0.0,,,0.8867924528301887,2,binary,small,balanced,binary_small_balanced
850,850,fri_c0_100_50,100.0,51.0,2.0,0.0,0.0,,,0.9607843137254902,2,binary,small,balanced,binary_small_balanced
828,828,fri_c4_100_100,100.0,101.0,2.0,0.0,0.0,,,0.8867924528301887,2,binary,small,balanced,binary_small_balanced
789,789,fri_c1_100_10,100.0,11.0,2.0,0.0,0.0,,,0.8867924528301887,2,binary,small,balanced,binary_small_balanced
783,783,fri_c3_100_10,100.0,11.0,2.0,0.0,0.0,,,0.6666666666666666,2,binary,small,balanced,binary_small_balanced
932,932,fri_c4_100_50,100.0,51.0,2.0,0.0,0.0,,,0.7857142857142857,2,binary,small,balanced,binary_small_balanced
922,922,fri_c2_100_50,100.0,51.0,2.0,0.0,0.0,,,0.7241379310344828,2,binary,small,balanced,binary_small_balanced
1473,1473,fertility,100.0,10.0,2.0,0.0,0.0,,,0.13636363636363635,1,binary,small,imbalanced,binary_small_imbalanced
44573,44573,arcene_seed_0_nrows_2000_nclasses_10_ncols_100_stratify_True,100.0,101.0,2.0,0.0,0.0,,,0.7857142857142857,1,binary,small,balanced,binary_small_balanced
44575,44575,arcene_seed_2_nrows_2000_nclasses_10_ncols_100_stratify_True,100.0,101.0,2.0,0.0,0.0,,,0.7857142857142857,1,binary,small,balanced,binary_small_balanced
44574,44574,arcene_seed_1_nrows_2000_nclasses_10_ncols_100_stratify_True,100.0,101.0,2.0,0.0,0.0,,,0.7857142857142857,1,binary,small,balanced,binary_small_balanced
44577,44577,arcene_seed_4_nrows_2000_nclasses_10_ncols_100_stratify_True,100.0,101.0,2.0,0.0,0.0,,,0.7857142857142857,1,binary,small,balanced,binary_small_balanced
44576,44576,arcene_seed_3_nrows_2000_nclasses_10_ncols_100_stratify_True,100.0,101.0,2.0,0.0,0.0,,,0.7857142857142857,1,binary,small,balanced,binary_small_balanced
1064,1064,ar6,101.0,30.0,2.0,0.0,0.0,,,0.1744186046511628,1,binary,small,imbalanced,binary_small_imbalanced
965,965,zoo,101.0,17.0,2.0,0.0,0.0,,,0.6833333333333333,2,binary,small,balanced,binary_small_balanced
62,62,zoo,101.0,17.0,7.0,0.0,0.0,,,0.0975609756097561,1,5-7,small,imbalanced,5-7_small_imbalanced
46778,46778,chowdary-2006,104.0,183.0,2.0,0.0,0.0,,,0.6774193548387096,1,binary,small,balanced,binary_small_balanced
327,327,bridges,105.0,12.0,6.0,61.0,0.048412698412698414,,,0.22727272727272727,3,5-7,small,imbalanced,5-7_small_imbalanced
328,328,bridges,105.0,12.0,6.0,61.0,0.048412698412698414,,,0.22727272727272727,4,5-7,small,imbalanced,5-7_small_imbalanced
45615,45615,appendicitis_test_edsa,106.0,8.0,2.0,0.0,0.0,,,0.24705882352941178,3,binary,small,imbalanced,binary_small_imbalanced
1465,1465,breast-tissue,106.0,10.0,6.0,0.0,0.0,,,0.6363636363636364,1,5-7,small,balanced,5-7_small_balanced
956,956,molecular-biology_promoters,106.0,58.0,2.0,0.0,0.0,,,0.4722222222222222,2,binary,small,imbalanced,binary_small_imbalanced
45613,45613,appendicitis_test_edsa,106.0,8.0,2.0,0.0,0.0,,,0.24705882352941178,2,binary,small,imbalanced,binary_small_imbalanced
164,164,molecular-biology_promoters,106.0,58.0,2.0,0.0,0.0,,,1.0,1,binary,small,balanced,binary_small_balanced
1559,1559,breast-tissue,106.0,10.0,4.0,0.0,0.0,,,0.2857142857142857,2,3-4,small,imbalanced,3-4_small_imbalanced
1061,1061,ar4,107.0,30.0,2.0,0.0,0.0,,,0.22988505747126436,1,binary,small,imbalanced,binary_small_imbalanced
890,890,cloud,108.0,8.0,2.0,0.0,0.0,,,0.42105263157894735,2,binary,small,imbalanced,binary_small_imbalanced
1519,1519,robot-failures-lp4,117.0,91.0,3.0,0.0,0.0,,,0.2916666666666667,1,3-4,small,imbalanced,3-4_small_imbalanced
46872,46872,Dataset-Mental-Disorders,120.0,18.0,4.0,0.0,0.0,,,0.9032258064516129,2,3-4,small,balanced,3-4_small_balanced
46750,46750,Dataset-Mental-Disorders,120.0,19.0,4.0,0.0,0.0,,,0.9032258064516129,1,3-4,small,balanced,3-4_small_balanced
1059,1059,ar1,121.0,30.0,2.0,0.0,0.0,,,0.08035714285714286,1,binary,small,imbalanced,binary_small_imbalanced
1441,1441,KungChi3,123.0,40.0,2.0,0.0,0.0,,,0.14953271028037382,1,binary,small,imbalanced,binary_small_imbalanced
1513,1513,heart-switzerland,123.0,13.0,5.0,0.0,0.0,,,0.10416666666666667,1,5-7,small,imbalanced,5-7_small_imbalanced
1075,1075,datatrieve,130.0,9.0,2.0,0.0,0.0,,,0.09243697478991597,1,binary,small,imbalanced,binary_small_imbalanced
719,719,veteran,137.0,8.0,2.0,0.0,0.0,,,0.4574468085106383,2,binary,small,imbalanced,binary_small_imbalanced
1066,1066,kc1-binary,145.0,95.0,2.0,0.0,0.0,,,0.7058823529411765,1,binary,small,balanced,binary_small_balanced
1045,1045,kc1-top5,145.0,95.0,2.0,0.0,0.0,,,0.058394160583941604,1,binary,small,imbalanced,binary_small_imbalanced
1006,1006,lymph,148.0,19.0,2.0,0.0,0.0,,,0.8271604938271605,2,binary,small,balanced,binary_small_balanced
10,10,lymph,148.0,19.0,4.0,0.0,0.0,,,0.024691358024691357,1,3-4,small,imbalanced,3-4_small_imbalanced
1026,1026,grub-damage,155.0,9.0,2.0,0.0,0.0,,,0.46226415094339623,2,binary,small,imbalanced,binary_small_imbalanced
338,338,grub-damage,155.0,9.0,4.0,0.0,0.0,,,0.3877551020408163,1,3-4,small,imbalanced,3-4_small_imbalanced
41978,41978,TuningSVMs,156.0,81.0,2.0,0.0,0.0,,,0.6595744680851063,3,binary,small,balanced,binary_small_balanced
41977,41977,TuningSVMs,156.0,91.0,2.0,0.0,0.0,,,0.5918367346938775,2,binary,small,balanced,binary_small_balanced
41976,41976,TuningSVMs,156.0,81.0,2.0,0.0,0.0,,,0.5294117647058824,1,binary,small,balanced,binary_small_balanced
852,852,analcatdata_gsssexsurvey,159.0,10.0,2.0,6.0,0.0037735849056603774,,,0.28225806451612906,2,binary,small,imbalanced,binary_small_imbalanced
745,745,auto_price,159.0,16.0,2.0,0.0,0.0,,,0.5142857142857142,2,binary,small,balanced,binary_small_balanced
756,756,autoPrice,159.0,16.0,2.0,0.0,0.0,,,0.5142857142857142,2,binary,small,balanced,binary_small_balanced
1054,1054,mc2,161.0,40.0,2.0,0.0,0.0,,,0.47706422018348627,1,binary,small,imbalanced,binary_small_imbalanced
1520,1520,robot-failures-lp5,164.0,91.0,5.0,0.0,0.0,,,0.44680851063829785,1,5-7,small,imbalanced,5-7_small_imbalanced
46875,46875,divorce_prediction,170.0,55.0,2.0,0.0,0.0,,,0.9767441860465116,2,binary,small,balanced,binary_small_balanced
973,973,wine,178.0,14.0,2.0,0.0,0.0,,,0.6635514018691588,2,binary,small,balanced,binary_small_balanced
4153,4153,Smartphone-Based_Recognition_of_Human_Activities,180.0,68.0,6.0,0.0,0.0,,,1.0,1,5-7,small,balanced,5-7_small_balanced
463,463,backache,180.0,32.0,2.0,0.0,0.0,,,0.16129032258064516,1,binary,small,imbalanced,binary_small_imbalanced
1490,1490,planning-relax,182.0,13.0,2.0,0.0,0.0,,,0.4,1,binary,small,imbalanced,binary_small_imbalanced
788,788,triazines,186.0,61.0,2.0,0.0,0.0,,,0.7064220183486238,2,binary,small,balanced,binary_small_balanced
46854,46854,bone_marrow_transplant_children,187.0,37.0,2.0,81.0,0.011706894059835236,,,0.8333333333333334,2,binary,small,balanced,binary_small_balanced
941,941,lowbwt,189.0,10.0,2.0,0.0,0.0,,,0.9090909090909091,2,binary,small,balanced,binary_small_balanced
285,285,flags,194.0,29.0,8.0,0.0,0.0,,,0.06666666666666667,1,8-10,small,imbalanced,8-10_small_imbalanced
1012,1012,flags,194.0,29.0,2.0,0.0,0.0,,,0.552,2,binary,small,balanced,binary_small_balanced
1448,1448,KnuggetChase3,194.0,40.0,2.0,0.0,0.0,,,0.22784810126582278,1,binary,small,imbalanced,binary_small_imbalanced
753,753,wisconsin,194.0,33.0,2.0,0.0,0.0,,,0.8653846153846154,2,binary,small,balanced,binary_small_balanced
738,738,pharynx,195.0,11.0,2.0,2.0,0.0009324009324009324,,,0.6115702479338843,2,binary,small,balanced,binary_small_balanced
1488,1488,parkinsons,195.0,23.0,2.0,0.0,0.0,,,0.32653061224489793,1,binary,small,imbalanced,binary_small_imbalanced
1512,1512,heart-long-beach,200.0,14.0,5.0,0.0,0.0,,,0.17857142857142858,1,5-7,small,imbalanced,5-7_small_imbalanced
46844,46844,Predicting_Risk_Factors_of_Chronic_Kidney_Disease,200.0,29.0,2.0,0.0,0.0,,,0.5625,2,binary,small,balanced,binary_small_balanced
721,721,pwLinear,200.0,11.0,2.0,0.0,0.0,,,0.941747572815534,2,binary,small,balanced,binary_small_balanced
46602,46602,Predicting_Risk_Factors_of_Chronic_Kidney_Disease,200.0,29.0,2.0,0.0,0.0,,,0.5625,1,binary,small,balanced,binary_small_balanced
446,446,prnn_crabs,200.0,8.0,2.0,0.0,0.0,,,1.0,1,binary,small,balanced,binary_small_balanced
42172,42172,regime_alimentaire,202.0,20.0,2.0,17.0,0.004207920792079208,,,0.2546583850931677,1,binary,small,imbalanced,binary_small_imbalanced
46331,46331,autos_clean,205.0,26.0,6.0,59.0,0.011069418386491557,,,0.04477611940298507,1,5-7,small,imbalanced,5-7_small_imbalanced
840,840,autoHorse,205.0,26.0,2.0,57.0,0.010694183864915573,,,0.680327868852459,2,binary,small,balanced,binary_small_balanced
975,975,autos,205.0,26.0,2.0,59.0,0.011069418386491557,,,0.4855072463768116,2,binary,small,imbalanced,binary_small_imbalanced
9,9,autos,205.0,26.0,6.0,59.0,0.011069418386491557,,,0.04477611940298507,1,5-7,small,imbalanced,5-7_small_imbalanced
40,40,sonar,208.0,61.0,2.0,0.0,0.0,,,0.8738738738738738,1,binary,small,balanced,binary_small_balanced
796,796,cpu,209.0,8.0,2.0,0.0,0.0,,,0.33974358974358976,2,binary,small,imbalanced,binary_small_imbalanced
481,481,biomed,209.0,9.0,2.0,15.0,0.007974481658692184,,,0.5597014925373134,1,binary,small,balanced,binary_small_balanced
1500,1500,seismic-bumps,210.0,8.0,3.0,0.0,0.0,,,1.0,1,3-4,small,balanced,3-4_small_balanced
1499,1499,seeds,210.0,8.0,3.0,0.0,0.0,,,1.0,1,3-4,small,balanced,3-4_small_balanced
952,952,prnn_fglass,214.0,10.0,6.0,0.0,0.0,,,0.11842105263157894,1,5-7,small,imbalanced,5-7_small_imbalanced
1005,1005,glass,214.0,10.0,2.0,0.0,0.0,,,0.5507246376811594,2,binary,small,balanced,binary_small_balanced
996,996,prnn_fglass,214.0,10.0,2.0,0.0,0.0,,,0.5507246376811594,2,binary,small,balanced,binary_small_balanced
41,41,glass,214.0,10.0,6.0,0.0,0.0,,,0.11842105263157894,1,5-7,small,imbalanced,5-7_small_imbalanced
46334,46334,glass_clean,214.0,10.0,6.0,0.0,0.0,,,0.11842105263157894,1,5-7,small,imbalanced,5-7_small_imbalanced
41703,41703,MIP-2016-classification,218.0,148.0,5.0,0.0,0.0,,,0.011904761904761904,1,5-7,small,imbalanced,5-7_small_imbalanced
41939,41939,MIP-2016-PAR10-classification,218.0,144.0,5.0,0.0,0.0,,,0.011904761904761904,1,5-7,small,imbalanced,5-7_small_imbalanced
42169,42169,epiparo_extract,224.0,20.0,6.0,205.0,0.04575892857142857,,,0.008130081300813009,1,5-7,small,imbalanced,5-7_small_imbalanced
999,999,audiology,226.0,70.0,2.0,317.0,0.020037926675094818,,,0.33727810650887574,2,binary,small,imbalanced,binary_small_imbalanced
1412,1412,lungcancer_GSE31210,226.0,24.0,2.0,0.0,0.0,,,0.18324607329842932,1,binary,small,imbalanced,binary_small_imbalanced
939,939,chscase_whale,228.0,9.0,2.0,20.0,0.009746588693957114,,,0.9487179487179487,2,binary,small,balanced,binary_small_balanced
820,820,chatfield_4,235.0,13.0,2.0,0.0,0.0,,,0.6549295774647887,2,binary,small,balanced,binary_small_balanced
851,851,tecator,240.0,125.0,2.0,0.0,0.0,,,0.7391304347826086,2,binary,small,balanced,binary_small_balanced
46279,46279,algerian_forest_fires,243.0,14.0,2.0,0.0,0.0,,,0.7737226277372263,1,binary,small,balanced,binary_small_balanced
769,769,fri_c1_250_50,250.0,51.0,2.0,0.0,0.0,,,0.8248175182481752,2,binary,small,balanced,binary_small_balanced
732,732,fri_c0_250_50,250.0,51.0,2.0,0.0,0.0,,,0.8796992481203008,2,binary,small,balanced,binary_small_balanced
773,773,fri_c0_250_25,250.0,26.0,2.0,0.0,0.0,,,0.9841269841269841,2,binary,small,balanced,binary_small_balanced
873,873,fri_c3_250_50,250.0,51.0,2.0,0.0,0.0,,,0.7605633802816901,2,binary,small,balanced,binary_small_balanced
918,918,fri_c4_250_50,250.0,51.0,2.0,0.0,0.0,,,0.8518518518518519,2,binary,small,balanced,binary_small_balanced
877,877,fri_c2_250_50,250.0,51.0,2.0,0.0,0.0,,,0.8248175182481752,2,binary,small,balanced,binary_small_balanced
793,793,fri_c3_250_10,250.0,11.0,2.0,0.0,0.0,,,0.8518518518518519,2,binary,small,balanced,binary_small_balanced
935,935,fri_c1_250_10,250.0,11.0,2.0,0.0,0.0,,,0.7857142857142857,2,binary,small,balanced,binary_small_balanced
933,933,fri_c4_250_25,250.0,26.0,2.0,0.0,0.0,,,0.8382352941176471,2,binary,small,balanced,binary_small_balanced
746,746,fri_c1_250_25,250.0,26.0,2.0,0.0,0.0,,,0.7482517482517482,2,binary,small,balanced,binary_small_balanced
763,763,fri_c0_250_10,250.0,11.0,2.0,0.0,0.0,,,1.0,2,binary,small,balanced,binary_small_balanced
794,794,fri_c2_250_25,250.0,26.0,2.0,0.0,0.0,,,0.7985611510791367,2,binary,small,balanced,binary_small_balanced
832,832,fri_c3_250_25,250.0,26.0,2.0,0.0,0.0,,,0.7985611510791367,2,binary,small,balanced,binary_small_balanced
834,834,fri_c4_250_100,250.0,101.0,2.0,0.0,0.0,,,0.7857142857142857,2,binary,small,balanced,binary_small_balanced
863,863,fri_c4_250_10,250.0,11.0,2.0,0.0,0.0,,,0.8796992481203008,2,binary,small,balanced,binary_small_balanced
830,830,fri_c2_250_10,250.0,11.0,2.0,0.0,0.0,,,0.5723270440251572,2,binary,small,balanced,binary_small_balanced
778,778,bodyfat,252.0,15.0,2.0,0.0,0.0,,,0.96875,2,binary,small,balanced,binary_small_balanced
1442,1442,MegaWatt1,253.0,38.0,2.0,0.0,0.0,,,0.11946902654867257,1,binary,small,imbalanced,binary_small_imbalanced
42544,42544,Touch2,265.0,11.0,8.0,0.0,0.0,,,0.574468085106383,1,8-10,small,balanced,8-10_small_balanced
336,336,SPECT,267.0,23.0,2.0,0.0,0.0,,,0.25943396226415094,1,binary,small,imbalanced,binary_small_imbalanced
1600,1600,SPECTF,267.0,45.0,2.0,0.0,0.0,,,0.25943396226415094,2,binary,small,imbalanced,binary_small_imbalanced
1073,1073,jEdit_4.0_4.2,274.0,9.0,2.0,0.0,0.0,,,0.9571428571428572,1,binary,small,balanced,binary_small_balanced
23499,23499,breast-cancer-dropped-missing-attributes-values,277.0,10.0,2.0,0.0,0.0,,,0.413265306122449,1,binary,small,imbalanced,binary_small_imbalanced
880,880,mu284,284.0,11.0,2.0,0.0,0.0,,,1.0,2,binary,small,balanced,binary_small_balanced
452,452,analcatdata_broadwaymult,285.0,8.0,7.0,27.0,0.011842105263157895,,,0.17796610169491525,1,5-7,small,imbalanced,5-7_small_imbalanced
961,961,analcatdata_broadwaymult,285.0,8.0,2.0,27.0,0.011842105263157895,,,0.7065868263473054,2,binary,small,balanced,binary_small_balanced
844,844,breastTumor,286.0,10.0,2.0,9.0,0.003146853146853147,,,0.7228915662650602,2,binary,small,balanced,binary_small_balanced
13,13,breast-cancer,286.0,10.0,2.0,9.0,0.003146853146853147,,,0.4228855721393035,1,binary,small,imbalanced,binary_small_imbalanced
1565,1565,heart-h,294.0,14.0,5.0,0.0,0.0,,,0.0797872340425532,3,5-7,small,imbalanced,5-7_small_imbalanced
1121,1121,badges2,294.0,11.0,2.0,0.0,0.0,,,0.4,1,binary,small,imbalanced,binary_small_imbalanced
44149,44149,Heart_disease_prediction_20,296.0,14.0,2.0,0.0,0.0,,,0.8616352201257862,1,binary,small,balanced,binary_small_balanced
1446,1446,CostaMadre1,296.0,38.0,2.0,0.0,0.0,,,0.14728682170542637,2,binary,small,imbalanced,binary_small_imbalanced
798,798,cholesterol,303.0,14.0,2.0,6.0,0.0014144271570014145,,,0.8253012048192772,2,binary,small,balanced,binary_small_balanced
786,786,cleveland,303.0,14.0,2.0,6.0,0.0014144271570014145,,,0.8475609756097561,2,binary,small,balanced,binary_small_balanced
40711,40711,cleveland-nominal,303.0,8.0,5.0,0.0,0.0,,,0.07926829268292683,1,5-7,small,imbalanced,5-7_small_imbalanced
40710,40710,cleve,303.0,14.0,2.0,0.0,0.0,,,0.8363636363636363,1,binary,small,balanced,binary_small_balanced
982,982,heart-c,303.0,14.0,2.0,7.0,0.0016501650165016502,,,0.8363636363636363,2,binary,small,balanced,binary_small_balanced
49,49,heart-c,303.0,14.0,2.0,7.0,0.0016501650165016502,,,0.8363636363636363,1,binary,small,balanced,binary_small_balanced
818,818,diggle_table_a2,310.0,9.0,2.0,0.0,0.0,,,0.8787878787878788,2,binary,small,balanced,binary_small_balanced
694,694,diggle_table_a2,310.0,9.0,9.0,0.0,0.0,,,0.43902439024390244,1,8-10,small,imbalanced,8-10_small_imbalanced
915,915,plasma_retinol,315.0,14.0,2.0,0.0,0.0,,,0.7307692307692307,2,binary,small,balanced,binary_small_balanced
40686,40686,solar-flare,315.0,13.0,5.0,0.0,0.0,,,0.23863636363636365,3,5-7,small,imbalanced,5-7_small_imbalanced
1167,1167,pc1_req,320.0,9.0,2.0,0.0,0.0,,,0.5023474178403756,1,binary,small,balanced,binary_small_balanced
1447,1447,CastMetal1,327.0,38.0,2.0,0.0,0.0,,,0.14736842105263157,1,binary,small,imbalanced,binary_small_imbalanced
40671,40671,ecoli,327.0,8.0,5.0,0.0,0.0,,,0.13986013986013987,3,5-7,small,imbalanced,5-7_small_imbalanced
39,39,ecoli,336.0,8.0,8.0,0.0,0.0,,,0.013986013986013986,1,8-10,small,imbalanced,8-10_small_imbalanced
1011,1011,ecoli,336.0,8.0,2.0,0.0,0.0,,,0.7409326424870466,2,binary,small,balanced,binary_small_balanced
1003,1003,primary-tumor,339.0,18.0,2.0,225.0,0.03687315634218289,,,0.32941176470588235,2,binary,small,imbalanced,binary_small_imbalanced
337,337,SPECTF,349.0,45.0,2.0,0.0,0.0,,,0.37401574803149606,1,binary,small,imbalanced,binary_small_imbalanced
59,59,ionosphere,351.0,35.0,2.0,0.0,0.0,,,0.56,1,binary,small,balanced,binary_small_balanced
986,986,analcatdata_marketing,364.0,33.0,2.0,80.0,0.00666000666000666,,,0.46184738955823296,2,binary,small,imbalanced,binary_small_imbalanced
474,474,analcatdata_marketing,364.0,33.0,6.0,101.0,0.008408258408258408,,,0.009852216748768473,1,5-7,small,imbalanced,5-7_small_imbalanced
1010,1010,dermatology,366.0,35.0,2.0,8.0,0.000624512099921936,,,0.4409448818897638,2,binary,small,imbalanced,binary_small_imbalanced
35,35,dermatology,366.0,35.0,6.0,8.0,0.000624512099921936,,,0.17857142857142858,1,5-7,small,imbalanced,5-7_small_imbalanced
1048,1048,jEdit_4.2_4.3,369.0,9.0,2.0,0.0,0.0,,,0.8088235294117647,1,binary,small,balanced,binary_small_balanced
46605,46605,differentiated_thyroid_cancer_recurrence,383.0,17.0,2.0,0.0,0.0,,,0.3927272727272727,1,binary,small,imbalanced,binary_small_imbalanced
46848,46848,differentiated_thyroid_cancer_recurrence,383.0,17.0,2.0,0.0,0.0,,,0.3927272727272727,3,binary,small,imbalanced,binary_small_imbalanced
46847,46847,differentiated_thyroid_cancer_recurrence,383.0,17.0,2.0,0.0,0.0,,,0.3927272727272727,2,binary,small,imbalanced,binary_small_imbalanced
40700,40700,cars1,392.0,8.0,3.0,0.0,0.0,,,0.27755102040816326,1,3-4,small,imbalanced,3-4_small_imbalanced
831,831,autoMpg,398.0,8.0,2.0,6.0,0.0018844221105527637,,,0.9043062200956937,2,binary,small,balanced,binary_small_balanced
40663,40663,calendarDOW,399.0,33.0,5.0,0.0,0.0,,,0.4583333333333333,1,5-7,small,imbalanced,5-7_small_imbalanced
908,908,chscase_census3,400.0,8.0,2.0,0.0,0.0,,,0.9230769230769231,2,binary,small,balanced,binary_small_balanced
1551,1551,autoUniv-au6-400,400.0,41.0,8.0,0.0,0.0,,,0.22522522522522523,1,8-10,small,imbalanced,8-10_small_imbalanced
906,906,chscase_census5,400.0,8.0,2.0,0.0,0.0,,,0.9323671497584541,2,binary,small,balanced,binary_small_balanced
909,909,chscase_census2,400.0,8.0,2.0,0.0,0.0,,,0.9704433497536946,2,binary,small,balanced,binary_small_balanced
907,907,chscase_census4,400.0,8.0,2.0,0.0,0.0,,,0.941747572815534,2,binary,small,balanced,binary_small_balanced
1071,1071,mw1,403.0,38.0,2.0,0.0,0.0,,,0.08333333333333333,1,binary,small,imbalanced,binary_small_imbalanced
455,455,cars,406.0,8.0,3.0,14.0,0.004310344827586207,,,0.2874015748031496,1,3-4,small,imbalanced,3-4_small_imbalanced
967,967,cars,406.0,9.0,2.0,14.0,0.0038314176245210726,,,0.5984251968503937,2,binary,small,balanced,binary_small_balanced
957,957,braziltourism,412.0,9.0,2.0,96.0,0.025889967637540454,,,0.29559748427672955,2,binary,small,imbalanced,binary_small_imbalanced
186,186,braziltourism,412.0,9.0,7.0,96.0,0.025889967637540454,,,0.0031446540880503146,1,5-7,small,imbalanced,5-7_small_imbalanced
1511,1511,wholesale-customers,440.0,9.0,2.0,0.0,0.0,,,0.47651006711409394,1,binary,small,imbalanced,binary_small_imbalanced
1065,1065,kc3,458.0,40.0,2.0,0.0,0.0,,,0.10361445783132531,1,binary,small,imbalanced,binary_small_imbalanced
1498,1498,sa-heart,462.0,10.0,2.0,0.0,0.0,,,0.5298013245033113,1,binary,small,balanced,binary_small_balanced
4329,4329,thoracic_surgery,470.0,17.0,2.0,0.0,0.0,,,0.175,1,binary,small,imbalanced,binary_small_imbalanced
1506,1506,thoracic-surgery,470.0,17.0,2.0,0.0,0.0,,,0.175,1,binary,small,imbalanced,binary_small_imbalanced
40665,40665,clean1,476.0,169.0,2.0,0.0,0.0,,,0.7695167286245354,1,binary,small,balanced,binary_small_balanced
1100,1100,PopularKids,478.0,11.0,3.0,0.0,0.0,,,0.3643724696356275,1,3-4,small,imbalanced,3-4_small_imbalanced
779,779,fri_c1_500_25,500.0,26.0,2.0,0.0,0.0,,,0.8726591760299626,2,binary,small,balanced,binary_small_balanced
750,750,pm10,500.0,8.0,2.0,0.0,0.0,,,0.968503937007874,2,binary,small,balanced,binary_small_balanced
742,742,fri_c4_500_100,500.0,101.0,2.0,0.0,0.0,,,0.7667844522968198,2,binary,small,balanced,binary_small_balanced
824,824,fri_c1_500_10,500.0,11.0,2.0,0.0,0.0,,,0.8248175182481752,2,binary,small,balanced,binary_small_balanced
888,888,fri_c0_500_50,500.0,51.0,2.0,0.0,0.0,,,0.953125,2,binary,small,balanced,binary_small_balanced
869,869,fri_c2_500_10,500.0,11.0,2.0,0.0,0.0,,,0.7482517482517482,2,binary,small,balanced,binary_small_balanced
879,879,fri_c2_500_25,500.0,26.0,2.0,0.0,0.0,,,0.6447368421052632,2,binary,small,balanced,binary_small_balanced
855,855,fri_c4_500_10,500.0,11.0,2.0,0.0,0.0,,,0.8115942028985508,2,binary,small,balanced,binary_small_balanced
805,805,fri_c4_500_50,500.0,51.0,2.0,0.0,0.0,,,0.8939393939393939,2,binary,small,balanced,binary_small_balanced
838,838,fri_c4_500_25,500.0,26.0,2.0,0.0,0.0,,,0.7605633802816901,2,binary,small,balanced,binary_small_balanced
886,886,no2,500.0,8.0,2.0,0.0,0.0,,,0.9920318725099602,2,binary,small,balanced,binary_small_balanced
920,920,fri_c2_500_50,500.0,51.0,2.0,0.0,0.0,,,0.6949152542372882,2,binary,small,balanced,binary_small_balanced
896,896,fri_c3_500_25,500.0,26.0,2.0,0.0,0.0,,,0.7857142857142857,2,binary,small,balanced,binary_small_balanced
936,936,fri_c3_500_10,500.0,11.0,2.0,0.0,0.0,,,0.8382352941176471,2,binary,small,balanced,binary_small_balanced
926,926,fri_c0_500_25,500.0,26.0,2.0,0.0,0.0,,,0.9607843137254902,2,binary,small,balanced,binary_small_balanced
943,943,fri_c0_500_10,500.0,11.0,2.0,0.0,0.0,,,0.9305019305019305,2,binary,small,balanced,binary_small_balanced
937,937,fri_c3_500_50,500.0,51.0,2.0,0.0,0.0,,,0.7730496453900709,2,binary,small,balanced,binary_small_balanced
40496,40496,LED-display-domain-7digit,500.0,8.0,10.0,0.0,0.0,,,0.6491228070175439,1,8-10,small,balanced,8-10_small_balanced
766,766,fri_c1_500_50,500.0,51.0,2.0,0.0,0.0,,,0.9083969465648855,2,binary,small,balanced,binary_small_balanced
987,987,collins,500.0,23.0,2.0,0.0,0.0,,,0.19047619047619047,2,binary,small,imbalanced,binary_small_imbalanced
1554,1554,autoUniv-au7-500,500.0,13.0,5.0,0.0,0.0,,,0.22395833333333334,1,5-7,small,imbalanced,5-7_small_imbalanced
853,853,boston,506.0,14.0,2.0,0.0,0.0,,,0.7037037037037037,2,binary,small,balanced,binary_small_balanced
825,825,boston_corrected,506.0,21.0,2.0,0.0,0.0,,,0.7879858657243817,2,binary,small,balanced,binary_small_balanced
717,717,rmftsa_ladata,508.0,11.0,2.0,0.0,0.0,,,0.7762237762237763,2,binary,small,balanced,binary_small_balanced
40690,40690,threeOf9,512.0,10.0,2.0,0.0,0.0,,,0.8686131386861314,1,binary,small,balanced,binary_small_balanced
46869,46869,diabetes_risk_prediction_dataset,520.0,17.0,2.0,0.0,0.0,,,0.625,2,binary,small,balanced,binary_small_balanced
46733,46733,diabetes_risk_prediction_dataset,520.0,17.0,2.0,0.0,0.0,,,0.625,1,binary,small,balanced,binary_small_balanced
1063,1063,kc2,522.0,22.0,2.0,0.0,0.0,,,0.25783132530120484,1,binary,small,imbalanced,binary_small_imbalanced
41701,41701,CPMP-2015-classification,527.0,27.0,4.0,0.0,0.0,,,0.375,1,3-4,small,imbalanced,3-4_small_imbalanced
940,940,water-treatment,527.0,37.0,2.0,542.0,0.027796297246012618,,,0.1789709172259508,2,binary,small,imbalanced,binary_small_imbalanced
41919,41919,CPMP-2015-runtime-classification,527.0,23.0,4.0,0.0,0.0,,,0.375,1,3-4,small,imbalanced,3-4_small_imbalanced
757,757,meta,528.0,22.0,2.0,504.0,0.04338842975206612,,,0.11392405063291139,2,binary,small,imbalanced,binary_small_imbalanced
45711,45711,doa_bwin,530.0,14.0,2.0,0.0,0.0,,,0.4971751412429379,3,binary,small,imbalanced,binary_small_imbalanced
45717,45717,bwin_amlb,530.0,14.0,2.0,0.0,0.0,,,0.4971751412429379,1,binary,small,imbalanced,binary_small_imbalanced
954,954,spectrometer,531.0,102.0,2.0,0.0,0.0,,,0.11554621848739496,2,binary,small,imbalanced,binary_small_imbalanced
1467,1467,climate-model-simulation-crashes,540.0,21.0,2.0,0.0,0.0,,,0.0931174089068826,1,binary,small,imbalanced,binary_small_imbalanced
45705,45705,cylinder-bands,540.0,38.0,2.0,999.0,0.04868421052631579,,,0.7307692307692307,4,binary,small,balanced,binary_small_balanced
45686,45686,cylinder-bands,540.0,38.0,2.0,999.0,0.04868421052631579,,,0.7307692307692307,3,binary,small,balanced,binary_small_balanced
45706,45706,cylinder-bands,540.0,38.0,2.0,999.0,0.04868421052631579,,,0.7307692307692307,5,binary,small,balanced,binary_small_balanced
6332,6332,cylinder-bands,540.0,40.0,2.0,999.0,0.04625,,,0.7307692307692307,2,binary,small,balanced,binary_small_balanced
46879,46879,mental_health_detection,540.0,15.0,4.0,0.0,0.0,,,0.6781609195402298,2,3-4,small,balanced,3-4_small_balanced
46761,46761,mental_health_detection,540.0,16.0,10.0,0.0,0.0,,,0.006369426751592357,1,8-10,small,imbalanced,8-10_small_imbalanced
45707,45707,cylinder-bands,540.0,38.0,2.0,999.0,0.04868421052631579,,,0.7307692307692307,6,binary,small,balanced,binary_small_balanced
40994,40994,climate-model-simulation-crashes,540.0,21.0,2.0,0.0,0.0,,,0.0931174089068826,4,binary,small,imbalanced,binary_small_imbalanced
1510,1510,wdbc,569.0,31.0,2.0,0.0,0.0,,,0.5938375350140056,1,binary,small,balanced,binary_small_balanced
826,826,sensory,576.0,12.0,2.0,0.0,0.0,,,0.7091988130563798,2,binary,small,balanced,binary_small_balanced
1480,1480,ilpd,583.0,11.0,2.0,0.0,0.0,,,0.4014423076923077,1,binary,small,imbalanced,binary_small_imbalanced
41945,41945,ilpd-numeric,583.0,11.0,2.0,0.0,0.0,,,0.4014423076923077,2,binary,small,imbalanced,binary_small_imbalanced
377,377,synthetic_control,600.0,61.0,6.0,0.0,0.0,,,1.0,1,5-7,small,balanced,5-7_small_balanced
1004,1004,synthetic_control,600.0,61.0,2.0,0.0,0.0,,,0.2,2,binary,small,imbalanced,binary_small_imbalanced
43595,43595,Loan-Predication,614.0,12.0,2.0,149.0,0.02022258414766558,,,0.4549763033175355,1,binary,small,imbalanced,binary_small_imbalanced
46593,46593,HCV_data,615.0,13.0,5.0,31.0,0.0038774233896185116,,,0.013133208255159476,1,5-7,small,imbalanced,5-7_small_imbalanced
46831,46831,HCV_data,615.0,13.0,5.0,31.0,0.0038774233896185116,,,0.013133208255159476,2,5-7,small,imbalanced,5-7_small_imbalanced
45063,45063,credit-approval,653.0,16.0,2.0,0.0,0.0,,,0.8291316526610645,2,binary,small,balanced,binary_small_balanced
1443,1443,PizzaCutter1,661.0,38.0,2.0,0.0,0.0,,,0.08538587848932677,1,binary,small,imbalanced,binary_small_imbalanced
46584,46584,Student_Performance_on_an_Entrance_Examination,666.0,12.0,4.0,0.0,0.0,,,0.48095238095238096,1,3-4,small,imbalanced,3-4_small_imbalanced
46838,46838,Student_Performance_on_an_Entrance_Examination,666.0,12.0,4.0,0.0,0.0,,,0.48095238095238096,2,3-4,small,imbalanced,3-4_small_imbalanced
46839,46839,Student_Performance_on_an_Entrance_Examination,666.0,12.0,4.0,0.0,0.0,,,0.48095238095238096,3,3-4,small,imbalanced,3-4_small_imbalanced
44487,44487,Australian_seed_4_nrows_2000_nclasses_10_ncols_100_stratify_True,690.0,15.0,2.0,0.0,0.0,,,0.8015665796344648,1,binary,small,balanced,binary_small_balanced
44155,44155,credit-approval_reproduced,690.0,16.0,2.0,67.0,0.006068840579710145,,,0.8015665796344648,1,binary,small,balanced,binary_small_balanced
46377,46377,credit-approval,690.0,16.0,2.0,55.0,0.004981884057971014,,,0.8015665796344648,3,binary,small,balanced,binary_small_balanced
46545,46545,dataset_credit-approval,690.0,16.0,2.0,25.0,0.0022644927536231885,,,0.8015665796344648,2,binary,small,balanced,binary_small_balanced
40981,40981,Australian,690.0,15.0,2.0,0.0,0.0,,,0.8015665796344648,4,binary,small,balanced,binary_small_balanced
44483,44483,Australian_seed_0_nrows_2000_nclasses_10_ncols_100_stratify_True,690.0,15.0,2.0,0.0,0.0,,,0.8015665796344648,1,binary,small,balanced,binary_small_balanced
44485,44485,Australian_seed_2_nrows_2000_nclasses_10_ncols_100_stratify_True,690.0,15.0,2.0,0.0,0.0,,,0.8015665796344648,1,binary,small,balanced,binary_small_balanced
44486,44486,Australian_seed_3_nrows_2000_nclasses_10_ncols_100_stratify_True,690.0,15.0,2.0,0.0,0.0,,,0.8015665796344648,1,binary,small,balanced,binary_small_balanced
44484,44484,Australian_seed_1_nrows_2000_nclasses_10_ncols_100_stratify_True,690.0,15.0,2.0,0.0,0.0,,,0.8015665796344648,1,binary,small,balanced,binary_small_balanced
46535,46535,dataset_credit-approval,690.0,16.0,2.0,25.0,0.0022644927536231885,,,0.8015665796344648,1,binary,small,balanced,binary_small_balanced
29,29,credit-approval,690.0,16.0,2.0,67.0,0.006068840579710145,,,0.8015665796344648,1,binary,small,balanced,binary_small_balanced
1553,1553,autoUniv-au7-700,700.0,13.0,3.0,0.0,0.0,,,0.8734693877551021,1,3-4,small,balanced,3-4_small_balanced
1451,1451,PieChart1,705.0,38.0,2.0,0.0,0.0,,,0.09472049689440994,1,binary,small,imbalanced,binary_small_imbalanced
45712,45712,doa_bwin_balanced,708.0,14.0,2.0,0.0,0.0,,,1.0,1,binary,small,balanced,binary_small_balanced
46382,46382,company_quality_and_valuation_finance,719.0,11.0,6.0,0.0,0.0,,,0.25287356321839083,1,5-7,small,imbalanced,5-7_small_imbalanced
46505,46505,total_score,719.0,11.0,4.0,0.0,0.0,,,0.10551558752997602,1,3-4,small,imbalanced,3-4_small_imbalanced
43924,43924,eucalyptus,736.0,20.0,5.0,0.0,0.0,,,0.49065420560747663,3,5-7,small,imbalanced,5-7_small_imbalanced
44589,44589,eucalyptus_seed_1_nrows_2000_nclasses_10_ncols_100_stratify_True,736.0,20.0,5.0,448.0,0.030434782608695653,,,0.49065420560747663,1,5-7,small,imbalanced,5-7_small_imbalanced
44592,44592,eucalyptus_seed_4_nrows_2000_nclasses_10_ncols_100_stratify_True,736.0,20.0,5.0,448.0,0.030434782608695653,,,0.49065420560747663,1,5-7,small,imbalanced,5-7_small_imbalanced
188,188,eucalyptus,736.0,20.0,5.0,448.0,0.030434782608695653,,,0.49065420560747663,1,5-7,small,imbalanced,5-7_small_imbalanced
44591,44591,eucalyptus_seed_3_nrows_2000_nclasses_10_ncols_100_stratify_True,736.0,20.0,5.0,448.0,0.030434782608695653,,,0.49065420560747663,1,5-7,small,imbalanced,5-7_small_imbalanced
44590,44590,eucalyptus_seed_2_nrows_2000_nclasses_10_ncols_100_stratify_True,736.0,20.0,5.0,448.0,0.030434782608695653,,,0.49065420560747663,1,5-7,small,imbalanced,5-7_small_imbalanced
990,990,eucalyptus,736.0,20.0,2.0,448.0,0.030434782608695653,,,0.4099616858237548,2,binary,small,imbalanced,binary_small_imbalanced
44588,44588,eucalyptus_seed_0_nrows_2000_nclasses_10_ncols_100_stratify_True,736.0,20.0,5.0,448.0,0.030434782608695653,,,0.49065420560747663,1,5-7,small,imbalanced,5-7_small_imbalanced
1452,1452,PieChart2,745.0,37.0,2.0,0.0,0.0,,,0.02194787379972565,1,binary,small,imbalanced,binary_small_imbalanced
1549,1549,autoUniv-au6-750,750.0,41.0,8.0,0.0,0.0,,,0.34545454545454546,1,8-10,small,imbalanced,8-10_small_imbalanced
46921,46921,diabetes,768.0,9.0,2.0,0.0,0.0,,,0.536,7,binary,small,balanced,binary_small_balanced
46827,46827,QSAR_Bioconcentration_classification,779.0,13.0,3.0,0.0,0.0,,,0.1391304347826087,2,3-4,small,imbalanced,3-4_small_imbalanced
47000,47000,QSAR_Bioconcentration_classification,779.0,13.0,3.0,0.0,0.0,,,0.1391304347826087,3,3-4,small,imbalanced,3-4_small_imbalanced
46846,46846,glioma_grading_clinical_and_mutation_features,839.0,24.0,2.0,0.0,0.0,,,0.7227926078028748,2,binary,small,balanced,binary_small_balanced
970,970,analcatdata_authorship,841.0,71.0,2.0,0.0,0.0,,,0.6049618320610687,2,binary,small,balanced,binary_small_balanced
458,458,analcatdata_authorship,841.0,71.0,4.0,0.0,0.0,,,0.17350157728706625,1,3-4,small,imbalanced,3-4_small_imbalanced
994,994,vehicle,846.0,19.0,2.0,0.0,0.0,,,0.3471337579617834,2,binary,small,imbalanced,binary_small_imbalanced
44556,44556,vehicle_seed_3_nrows_2000_nclasses_10_ncols_100_stratify_True,846.0,19.0,4.0,0.0,0.0,,,0.9128440366972477,1,3-4,small,balanced,3-4_small_balanced
44554,44554,vehicle_seed_1_nrows_2000_nclasses_10_ncols_100_stratify_True,846.0,19.0,4.0,0.0,0.0,,,0.9128440366972477,1,3-4,small,balanced,3-4_small_balanced
44153,44153,vehicle_reproduced,846.0,19.0,4.0,0.0,0.0,,,0.9128440366972477,1,3-4,small,balanced,3-4_small_balanced
44553,44553,vehicle_seed_0_nrows_2000_nclasses_10_ncols_100_stratify_True,846.0,19.0,4.0,0.0,0.0,,,0.9128440366972477,1,3-4,small,balanced,3-4_small_balanced
44555,44555,vehicle_seed_2_nrows_2000_nclasses_10_ncols_100_stratify_True,846.0,19.0,4.0,0.0,0.0,,,0.9128440366972477,1,3-4,small,balanced,3-4_small_balanced
44557,44557,vehicle_seed_4_nrows_2000_nclasses_10_ncols_100_stratify_True,846.0,19.0,4.0,0.0,0.0,,,0.9128440366972477,1,3-4,small,balanced,3-4_small_balanced
44257,44257,anneal,898.0,39.0,2.0,0.0,0.0,,,0.8477366255144033,7,binary,small,balanced,binary_small_balanced
43942,43942,anneal,898.0,39.0,2.0,0.0,0.0,,,0.8477366255144033,6,binary,small,balanced,binary_small_balanced
44259,44259,anneal,898.0,39.0,2.0,0.0,0.0,,,0.8477366255144033,9,binary,small,balanced,binary_small_balanced
1,1,anneal,898.0,39.0,5.0,0.0,0.0,,,0.011695906432748537,2,5-7,small,imbalanced,5-7_small_imbalanced
44263,44263,anneal,898.0,39.0,2.0,0.0,0.0,,,0.8477366255144033,13,binary,small,balanced,binary_small_balanced
44261,44261,anneal,898.0,39.0,2.0,0.0,0.0,,,0.8477366255144033,11,binary,small,balanced,binary_small_balanced
44268,44268,anneal,898.0,39.0,2.0,0.0,0.0,,,0.8477366255144033,17,binary,small,balanced,binary_small_balanced
44262,44262,anneal,898.0,39.0,2.0,0.0,0.0,,,0.8477366255144033,12,binary,small,balanced,binary_small_balanced
44265,44265,anneal,898.0,39.0,2.0,0.0,0.0,,,0.8477366255144033,15,binary,small,balanced,binary_small_balanced
44266,44266,anneal,898.0,39.0,2.0,0.0,0.0,,,0.8477366255144033,16,binary,small,balanced,binary_small_balanced
43941,43941,anneal,898.0,39.0,2.0,0.0,0.0,,,0.8477366255144033,5,binary,small,balanced,binary_small_balanced
44260,44260,anneal,898.0,39.0,2.0,0.0,0.0,,,0.8477366255144033,10,binary,small,balanced,binary_small_balanced
44264,44264,anneal,898.0,39.0,2.0,0.0,0.0,,,0.8477366255144033,14,binary,small,balanced,binary_small_balanced
44258,44258,anneal,898.0,39.0,2.0,0.0,0.0,,,0.8477366255144033,8,binary,small,balanced,binary_small_balanced
46900,46900,TESTFORDESCRIPTION-anneal,898.0,39.0,5.0,0.0,0.0,,,0.011695906432748537,1,5-7,small,imbalanced,5-7_small_imbalanced
46906,46906,anneal,898.0,39.0,5.0,0.0,0.0,,,0.011695906432748537,18,5-7,small,imbalanced,5-7_small_imbalanced
46901,46901,TESTFORDESCRIPTION-anneal,898.0,39.0,5.0,0.0,0.0,,,0.011695906432748537,2,5-7,small,imbalanced,5-7_small_imbalanced
311,311,oil_spill,937.0,50.0,2.0,0.0,0.0,,,0.04575892857142857,1,binary,small,imbalanced,binary_small_imbalanced
841,841,stock,950.0,10.0,2.0,0.0,0.0,,,0.9467213114754098,2,binary,small,balanced,binary_small_balanced
50,50,tic-tac-toe,958.0,10.0,2.0,0.0,0.0,,,0.5303514376996805,1,binary,small,balanced,binary_small_balanced
40705,40705,tokyo1,959.0,45.0,2.0,0.0,0.0,,,0.564437194127243,1,binary,small,balanced,binary_small_balanced
40693,40693,xd6,973.0,10.0,2.0,0.0,0.0,,,0.4946236559139785,1,binary,small,imbalanced,binary_small_imbalanced
1016,1016,vowel,990.0,14.0,2.0,0.0,0.0,,,0.1,3,binary,small,imbalanced,binary_small_imbalanced
46502,46502,Credit_Approval_Classification,1000.0,51.0,2.0,0.0,0.0,,,0.42857142857142855,3,binary,small,imbalanced,binary_small_imbalanced
44096,44096,credit-g,1000.0,21.0,2.0,0.0,0.0,,,0.42857142857142855,2,binary,small,imbalanced,binary_small_imbalanced
46421,46421,German-Credit-Data-Creditability,1000.0,72.0,2.0,0.0,0.0,,,0.42857142857142855,1,binary,small,imbalanced,binary_small_imbalanced
904,904,fri_c0_1000_50,1000.0,51.0,2.0,0.0,0.0,,,0.9607843137254902,2,binary,small,balanced,binary_small_balanced
903,903,fri_c2_1000_25,1000.0,26.0,2.0,0.0,0.0,,,0.7761989342806395,2,binary,small,balanced,binary_small_balanced
910,910,fri_c1_1000_10,1000.0,11.0,2.0,0.0,0.0,,,0.7730496453900709,2,binary,small,balanced,binary_small_balanced
866,866,fri_c2_1000_50,1000.0,51.0,2.0,0.0,0.0,,,0.718213058419244,2,binary,small,balanced,binary_small_balanced
46378,46378,credit-g,1000.0,21.0,2.0,0.0,0.0,,,0.42857142857142855,4,binary,small,imbalanced,binary_small_imbalanced
46416,46416,Creditability-German-Credit-Data,1000.0,21.0,2.0,0.0,0.0,,,0.42857142857142855,1,binary,small,imbalanced,binary_small_imbalanced
43097,43097,students_scores,1000.0,8.0,2.0,0.0,0.0,,,0.9305019305019305,1,binary,small,balanced,binary_small_balanced
797,797,fri_c4_1000_50,1000.0,51.0,2.0,0.0,0.0,,,0.7857142857142857,2,binary,small,balanced,binary_small_balanced
46365,46365,Credit_Approval_Classification,1000.0,21.0,2.0,0.0,0.0,,,0.42857142857142855,1,binary,small,imbalanced,binary_small_imbalanced
46562,46562,German-Credit-Data-Creditability-Preprocessed-Dataset,1000.0,34.0,2.0,0.0,0.0,,,0.42857142857142855,1,binary,small,imbalanced,binary_small_imbalanced
46503,46503,Credit_Approval_Classification,1000.0,51.0,2.0,0.0,0.0,,,0.42857142857142855,4,binary,small,imbalanced,binary_small_imbalanced
46482,46482,German-Credit-Data-Creditability-2,1000.0,21.0,2.0,0.0,0.0,,,0.42857142857142855,1,binary,small,imbalanced,binary_small_imbalanced
849,849,fri_c0_1000_25,1000.0,26.0,2.0,0.0,0.0,,,0.9880715705765407,2,binary,small,balanced,binary_small_balanced
806,806,fri_c3_1000_50,1000.0,51.0,2.0,0.0,0.0,,,0.8018018018018018,2,binary,small,balanced,binary_small_balanced
837,837,fri_c1_1000_50,1000.0,51.0,2.0,0.0,0.0,,,0.8281535648994516,2,binary,small,balanced,binary_small_balanced
845,845,fri_c0_1000_10,1000.0,11.0,2.0,0.0,0.0,,,0.9646365422396856,2,binary,small,balanced,binary_small_balanced
44097,44097,credit-g_copy,1000.0,21.0,2.0,0.0,0.0,,,0.42857142857142855,1,binary,small,imbalanced,binary_small_imbalanced
44098,44098,credit-g_reproduced_1,1000.0,21.0,2.0,0.0,0.0,,,0.42857142857142855,1,binary,small,imbalanced,binary_small_imbalanced
44498,44498,credit-g_seed_0_nrows_2000_nclasses_10_ncols_100_stratify_True,1000.0,21.0,2.0,0.0,0.0,,,0.42857142857142855,1,binary,small,imbalanced,binary_small_imbalanced
46532,46532,dataset_credit-g,1000.0,21.0,2.0,0.0,0.0,,,0.42857142857142855,1,binary,small,imbalanced,binary_small_imbalanced
1547,1547,autoUniv-au1-1000,1000.0,21.0,2.0,0.0,0.0,,,0.349527665317139,1,binary,small,imbalanced,binary_small_imbalanced
44502,44502,credit-g_seed_4_nrows_2000_nclasses_10_ncols_100_stratify_True,1000.0,21.0,2.0,0.0,0.0,,,0.42857142857142855,1,binary,small,imbalanced,binary_small_imbalanced
44501,44501,credit-g_seed_3_nrows_2000_nclasses_10_ncols_100_stratify_True,1000.0,21.0,2.0,0.0,0.0,,,0.42857142857142855,1,binary,small,imbalanced,binary_small_imbalanced
44500,44500,credit-g_seed_2_nrows_2000_nclasses_10_ncols_100_stratify_True,1000.0,21.0,2.0,0.0,0.0,,,0.42857142857142855,1,binary,small,imbalanced,binary_small_imbalanced
917,917,fri_c1_1000_25,1000.0,26.0,2.0,0.0,0.0,,,0.8315018315018315,2,binary,small,balanced,binary_small_balanced
43098,43098,students_scores,1000.0,8.0,2.0,0.0,0.0,,,0.9305019305019305,2,binary,small,balanced,binary_small_balanced
913,913,fri_c2_1000_10,1000.0,11.0,2.0,0.0,0.0,,,0.7241379310344828,2,binary,small,balanced,binary_small_balanced
46540,46540,dataset_credit-g,1000.0,21.0,2.0,0.0,0.0,,,0.42857142857142855,2,binary,small,imbalanced,binary_small_imbalanced
718,718,fri_c4_1000_100,1000.0,101.0,2.0,0.0,0.0,,,0.7730496453900709,2,binary,small,balanced,binary_small_balanced
1555,1555,autoUniv-au6-1000,1000.0,41.0,8.0,0.0,0.0,,,0.37083333333333335,1,8-10,small,imbalanced,8-10_small_imbalanced
44499,44499,credit-g_seed_1_nrows_2000_nclasses_10_ncols_100_stratify_True,1000.0,21.0,2.0,0.0,0.0,,,0.42857142857142855,1,binary,small,imbalanced,binary_small_imbalanced
45748,45748,StudentsPerformance,1000.0,8.0,2.0,0.0,0.0,,,0.9305019305019305,2,binary,small,balanced,binary_small_balanced
31,31,credit-g,1000.0,21.0,2.0,0.0,0.0,,,0.42857142857142855,1,binary,small,imbalanced,binary_small_imbalanced
751,751,fri_c4_1000_10,1000.0,11.0,2.0,0.0,0.0,,,0.7857142857142857,2,binary,small,balanced,binary_small_balanced
45058,45058,credit-g,1000.0,21.0,2.0,0.0,0.0,,,0.42857142857142855,3,binary,small,imbalanced,binary_small_imbalanced
740,740,fri_c3_1000_10,1000.0,11.0,2.0,0.0,0.0,,,0.7857142857142857,2,binary,small,balanced,binary_small_balanced
715,715,fri_c3_1000_25,1000.0,26.0,2.0,0.0,0.0,,,0.7953321364452424,2,binary,small,balanced,binary_small_balanced
723,723,fri_c4_1000_25,1000.0,26.0,2.0,0.0,0.0,,,0.8281535648994516,2,binary,small,balanced,binary_small_balanced
46918,46918,credit-g,1000.0,21.0,2.0,0.0,0.0,,,0.42857142857142855,5,binary,small,imbalanced,binary_small_imbalanced
46542,46542,dataset_credit-g,1000.0,21.0,2.0,0.0,0.0,,,0.42857142857142855,3,binary,small,imbalanced,binary_small_imbalanced
43255,43255,1StudentPerfromance,1000.0,8.0,2.0,0.0,0.0,,,0.9305019305019305,1,binary,small,balanced,binary_small_balanced
1444,1444,PizzaCutter3,1043.0,38.0,2.0,0.0,0.0,,,0.13864628820960698,1,binary,medium,imbalanced,binary_medium_imbalanced
46952,46952,qsar-biodeg,1054.0,42.0,2.0,0.0,0.0,,,0.5078683834048641,2,binary,medium,balanced,binary_medium_balanced
44600,44600,qsar-biodeg_seed_2_nrows_2000_nclasses_10_ncols_100_stratify_True,1055.0,42.0,2.0,0.0,0.0,,,0.5092989985693849,1,binary,medium,balanced,binary_medium_balanced
44599,44599,qsar-biodeg_seed_1_nrows_2000_nclasses_10_ncols_100_stratify_True,1055.0,42.0,2.0,0.0,0.0,,,0.5092989985693849,1,binary,medium,balanced,binary_medium_balanced
45077,45077,qsar,1055.0,41.0,2.0,0.0,0.0,,,0.5092989985693849,1,binary,medium,balanced,binary_medium_balanced
1494,1494,qsar-biodeg,1055.0,42.0,2.0,0.0,0.0,,,0.5092989985693849,1,binary,medium,balanced,binary_medium_balanced
44602,44602,qsar-biodeg_seed_4_nrows_2000_nclasses_10_ncols_100_stratify_True,1055.0,42.0,2.0,0.0,0.0,,,0.5092989985693849,1,binary,medium,balanced,binary_medium_balanced
44601,44601,qsar-biodeg_seed_3_nrows_2000_nclasses_10_ncols_100_stratify_True,1055.0,42.0,2.0,0.0,0.0,,,0.5092989985693849,1,binary,medium,balanced,binary_medium_balanced
44598,44598,qsar-biodeg_seed_0_nrows_2000_nclasses_10_ncols_100_stratify_True,1055.0,42.0,2.0,0.0,0.0,,,0.5092989985693849,1,binary,medium,balanced,binary_medium_balanced
46183,46183,Flare,1066.0,12.0,6.0,0.0,0.0,,,0.1299093655589124,10,5-7,medium,imbalanced,5-7_medium_imbalanced
46178,46178,Flare,1066.0,12.0,6.0,0.0,0.0,,,0.1299093655589124,5,5-7,medium,imbalanced,5-7_medium_imbalanced
46179,46179,Flare,1066.0,12.0,6.0,0.0,0.0,,,0.1299093655589124,6,5-7,medium,imbalanced,5-7_medium_imbalanced
46184,46184,Flare,1066.0,12.0,6.0,0.0,0.0,,,0.1299093655589124,11,5-7,medium,imbalanced,5-7_medium_imbalanced
46176,46176,Flare,1066.0,12.0,6.0,0.0,0.0,,,0.1299093655589124,3,5-7,medium,imbalanced,5-7_medium_imbalanced
40702,40702,solar-flare,1066.0,11.0,2.0,0.0,0.0,,,0.20588235294117646,5,binary,medium,imbalanced,binary_medium_imbalanced
46181,46181,Flare,1066.0,12.0,6.0,0.0,0.0,,,0.1299093655589124,8,5-7,medium,imbalanced,5-7_medium_imbalanced
46182,46182,Flare,1066.0,12.0,6.0,0.0,0.0,,,0.1299093655589124,9,5-7,medium,imbalanced,5-7_medium_imbalanced
46180,46180,Flare,1066.0,12.0,6.0,0.0,0.0,,,0.1299093655589124,7,5-7,medium,imbalanced,5-7_medium_imbalanced
46174,46174,Flare,1066.0,12.0,6.0,0.0,0.0,,,0.1299093655589124,1,5-7,medium,imbalanced,5-7_medium_imbalanced
46175,46175,Flare,1066.0,12.0,6.0,0.0,0.0,,,0.1299093655589124,2,5-7,medium,imbalanced,5-7_medium_imbalanced
40687,40687,solar-flare,1066.0,13.0,6.0,0.0,0.0,,,0.1299093655589124,4,5-7,medium,imbalanced,5-7_medium_imbalanced
46177,46177,Flare,1066.0,12.0,6.0,0.0,0.0,,,0.1299093655589124,4,5-7,medium,imbalanced,5-7_medium_imbalanced
1453,1453,PieChart3,1077.0,38.0,2.0,0.0,0.0,,,0.1420996818663839,1,binary,medium,imbalanced,binary_medium_imbalanced
44605,44605,cnae-9_seed_2_nrows_2000_nclasses_10_ncols_100_stratify_True,1080.0,101.0,9.0,0.0,0.0,,,1.0,1,8-10,medium,balanced,8-10_medium_balanced
44606,44606,cnae-9_seed_3_nrows_2000_nclasses_10_ncols_100_stratify_True,1080.0,101.0,9.0,0.0,0.0,,,1.0,1,8-10,medium,balanced,8-10_medium_balanced
44603,44603,cnae-9_seed_0_nrows_2000_nclasses_10_ncols_100_stratify_True,1080.0,101.0,9.0,0.0,0.0,,,1.0,1,8-10,medium,balanced,8-10_medium_balanced
44607,44607,cnae-9_seed_4_nrows_2000_nclasses_10_ncols_100_stratify_True,1080.0,101.0,9.0,0.0,0.0,,,1.0,1,8-10,medium,balanced,8-10_medium_balanced
44604,44604,cnae-9_seed_1_nrows_2000_nclasses_10_ncols_100_stratify_True,1080.0,101.0,9.0,0.0,0.0,,,1.0,1,8-10,medium,balanced,8-10_medium_balanced
46788,46788,mice,1095.0,82.0,8.0,1906.0,0.021227308163492595,,,0.7,2,8-10,medium,balanced,8-10_medium_balanced
1552,1552,autoUniv-au7-1100,1100.0,13.0,5.0,0.0,0.0,,,0.5016393442622951,1,5-7,medium,balanced,5-7_medium_balanced
1068,1068,pc1,1109.0,22.0,2.0,0.0,0.0,,,0.07461240310077519,1,binary,medium,imbalanced,binary_medium_imbalanced
46270,46270,mabbob_ela_as_5d_classify,1120.0,46.0,4.0,0.0,0.0,,,0.016282225237449117,1,3-4,medium,imbalanced,3-4_medium_imbalanced
46264,46264,mabbob_ela_as_2d_classify,1120.0,46.0,5.0,0.0,0.0,,,0.027439024390243903,1,5-7,medium,imbalanced,5-7_medium_imbalanced
40706,40706,parity5_plus_5,1124.0,11.0,2.0,0.0,0.0,,,0.982363315696649,1,binary,medium,balanced,binary_medium_balanced
46422,46422,Credit-Risk-Classification-Dataset,1125.0,43.0,2.0,149.0,0.0030801033591731264,,,0.25,1,binary,medium,imbalanced,binary_medium_imbalanced
488,488,colleges_aaup,1161.0,15.0,4.0,256.0,0.014699971289118575,,,0.0016207455429497568,1,3-4,medium,imbalanced,3-4_medium_imbalanced
897,897,colleges_aaup,1161.0,16.0,2.0,256.0,0.013781223083548665,,,0.4280442804428044,2,binary,medium,imbalanced,binary_medium_imbalanced
1566,1566,hill-valley,1212.0,101.0,2.0,0.0,0.0,,,0.9803921568627451,2,binary,medium,balanced,binary_medium_balanced
1479,1479,hill-valley,1212.0,101.0,2.0,0.0,0.0,,,1.0,1,binary,medium,balanced,binary_medium_balanced
40680,40680,mofn-3-7-10,1324.0,11.0,2.0,0.0,0.0,,,0.28294573643410853,1,binary,medium,imbalanced,binary_medium_imbalanced
966,966,analcatdata_halloffame,1340.0,17.0,2.0,20.0,0.000877963125548727,,,0.102880658436214,2,binary,medium,imbalanced,binary_medium_imbalanced
185,185,baseball,1340.0,17.0,3.0,20.0,0.000877963125548727,,,0.04691358024691358,1,3-4,medium,imbalanced,3-4_medium_imbalanced
454,454,analcatdata_halloffame,1340.0,17.0,3.0,20.0,0.000877963125548727,,,0.04691358024691358,1,3-4,medium,imbalanced,3-4_medium_imbalanced
46963,46963,website_phishing,1353.0,10.0,3.0,0.0,0.0,,,0.1467236467236467,1,3-4,medium,imbalanced,3-4_medium_imbalanced
46851,46851,hepatitis_c_virus_hcv_for_egyptian_patients,1385.0,29.0,4.0,0.0,0.0,,,0.9171270718232044,3,3-4,medium,balanced,3-4_medium_balanced
46850,46850,hepatitis_c_virus_hcv_for_egyptian_patients,1385.0,29.0,4.0,0.0,0.0,,,0.9171270718232044,2,3-4,medium,balanced,3-4_medium_balanced
46876,46876,depression_2020,1429.0,21.0,2.0,20.0,0.0006664667266486721,,,0.1998320738874895,2,binary,medium,imbalanced,binary_medium_imbalanced
44608,44608,pc4_seed_0_nrows_2000_nclasses_10_ncols_100_stratify_True,1458.0,38.0,2.0,0.0,0.0,,,0.1390625,1,binary,medium,imbalanced,binary_medium_imbalanced
44611,44611,pc4_seed_3_nrows_2000_nclasses_10_ncols_100_stratify_True,1458.0,38.0,2.0,0.0,0.0,,,0.1390625,1,binary,medium,imbalanced,binary_medium_imbalanced
44609,44609,pc4_seed_1_nrows_2000_nclasses_10_ncols_100_stratify_True,1458.0,38.0,2.0,0.0,0.0,,,0.1390625,1,binary,medium,imbalanced,binary_medium_imbalanced
44610,44610,pc4_seed_2_nrows_2000_nclasses_10_ncols_100_stratify_True,1458.0,38.0,2.0,0.0,0.0,,,0.1390625,1,binary,medium,imbalanced,binary_medium_imbalanced
44612,44612,pc4_seed_4_nrows_2000_nclasses_10_ncols_100_stratify_True,1458.0,38.0,2.0,0.0,0.0,,,0.1390625,1,binary,medium,imbalanced,binary_medium_imbalanced
1049,1049,pc4,1458.0,38.0,2.0,0.0,0.0,,,0.1390625,1,binary,medium,imbalanced,binary_medium_imbalanced
43893,43893,ibm-employee-attrition,1470.0,35.0,2.0,0.0,0.0,,,0.1922141119221411,1,binary,medium,imbalanced,binary_medium_imbalanced
43894,43894,ibm-employee-attrition,1470.0,35.0,2.0,0.0,0.0,,,0.1922141119221411,2,binary,medium,imbalanced,binary_medium_imbalanced
43895,43895,ibm-employee-performance,1470.0,34.0,2.0,0.0,0.0,,,0.18167202572347266,1,binary,medium,imbalanced,binary_medium_imbalanced
43896,43896,ibm-employee-attrition,1470.0,35.0,2.0,0.0,0.0,,,0.1922141119221411,3,binary,medium,imbalanced,binary_medium_imbalanced
43905,43905,ibm-employee-performance,1470.0,33.0,2.0,0.0,0.0,,,0.18167202572347266,3,binary,medium,imbalanced,binary_medium_imbalanced
43897,43897,ibm-employee-performance,1470.0,34.0,2.0,0.0,0.0,,,0.18167202572347266,2,binary,medium,imbalanced,binary_medium_imbalanced
44617,44617,cmc_seed_4_nrows_2000_nclasses_10_ncols_100_stratify_True,1473.0,10.0,3.0,0.0,0.0,,,0.5294117647058824,1,3-4,medium,balanced,3-4_medium_balanced
44616,44616,cmc_seed_3_nrows_2000_nclasses_10_ncols_100_stratify_True,1473.0,10.0,3.0,0.0,0.0,,,0.5294117647058824,1,3-4,medium,balanced,3-4_medium_balanced
983,983,cmc,1473.0,10.0,2.0,0.0,0.0,,,0.745260663507109,2,binary,medium,balanced,binary_medium_balanced
44613,44613,cmc_seed_0_nrows_2000_nclasses_10_ncols_100_stratify_True,1473.0,10.0,3.0,0.0,0.0,,,0.5294117647058824,1,3-4,medium,balanced,3-4_medium_balanced
23,23,cmc,1473.0,10.0,3.0,0.0,0.0,,,0.5294117647058824,1,3-4,medium,balanced,3-4_medium_balanced
44615,44615,cmc_seed_2_nrows_2000_nclasses_10_ncols_100_stratify_True,1473.0,10.0,3.0,0.0,0.0,,,0.5294117647058824,1,3-4,medium,balanced,3-4_medium_balanced
44614,44614,cmc_seed_1_nrows_2000_nclasses_10_ncols_100_stratify_True,1473.0,10.0,3.0,0.0,0.0,,,0.5294117647058824,1,3-4,medium,balanced,3-4_medium_balanced
44471,44471,yeast_seed_3_nrows_2000_nclasses_10_ncols_100_stratify_True,1484.0,9.0,10.0,0.0,0.0,,,0.01079913606911447,1,8-10,medium,imbalanced,8-10_medium_imbalanced
44468,44468,yeast_seed_0_nrows_2000_nclasses_10_ncols_100_stratify_True,1484.0,9.0,10.0,0.0,0.0,,,0.01079913606911447,1,8-10,medium,imbalanced,8-10_medium_imbalanced
44470,44470,yeast_seed_2_nrows_2000_nclasses_10_ncols_100_stratify_True,1484.0,9.0,10.0,0.0,0.0,,,0.01079913606911447,1,8-10,medium,imbalanced,8-10_medium_imbalanced
44472,44472,yeast_seed_4_nrows_2000_nclasses_10_ncols_100_stratify_True,1484.0,9.0,10.0,0.0,0.0,,,0.01079913606911447,1,8-10,medium,imbalanced,8-10_medium_imbalanced
44469,44469,yeast_seed_1_nrows_2000_nclasses_10_ncols_100_stratify_True,1484.0,9.0,10.0,0.0,0.0,,,0.01079913606911447,1,8-10,medium,imbalanced,8-10_medium_imbalanced
181,181,yeast,1484.0,9.0,10.0,0.0,0.0,,,0.01079913606911447,1,8-10,medium,imbalanced,8-10_medium_imbalanced
46758,46758,PostPartum_Depression,1503.0,11.0,2.0,27.0,0.001633097441480675,,,0.5336734693877551,1,binary,medium,balanced,binary_medium_balanced
46877,46877,PostPartum_Depression,1503.0,10.0,2.0,27.0,0.0017964071856287425,,,0.5336734693877551,2,binary,medium,balanced,binary_medium_balanced
1050,1050,pc3,1563.0,38.0,2.0,0.0,0.0,,,0.11404133998574484,1,binary,medium,imbalanced,binary_medium_imbalanced
40691,40691,wine-quality-red,1599.0,12.0,6.0,0.0,0.0,,,0.014684287812041116,1,5-7,medium,imbalanced,5-7_medium_imbalanced
40646,40646,GAMETES_Epistasis_2-Way_20atts_0.1H_EDM-1_1,1600.0,21.0,2.0,0.0,0.0,,,1.0,1,binary,medium,balanced,binary_medium_balanced
40648,40648,GAMETES_Epistasis_3-Way_20atts_0.2H_EDM-1_1,1600.0,21.0,2.0,0.0,0.0,,,1.0,1,binary,medium,balanced,binary_medium_balanced
40650,40650,GAMETES_Heterogeneity_20atts_1600_Het_0.4_0.2_75_EDM-2_001,1600.0,21.0,2.0,0.0,0.0,,,1.0,1,binary,medium,balanced,binary_medium_balanced
40647,40647,GAMETES_Epistasis_2-Way_20atts_0.4H_EDM-1_1,1600.0,21.0,2.0,0.0,0.0,,,1.0,1,binary,medium,balanced,binary_medium_balanced
40649,40649,GAMETES_Heterogeneity_20atts_1600_Het_0.4_0.2_50_EDM-2_001,1600.0,21.0,2.0,0.0,0.0,,,1.0,1,binary,medium,balanced,binary_medium_balanced
45648,45648,MIC,1649.0,105.0,2.0,0.0,0.0,,,0.1846264367816092,1,binary,medium,imbalanced,binary_medium_imbalanced
46943,46943,MIC,1699.0,123.0,8.0,6513.0,0.031166109189049513,,,0.008403361344537815,2,8-10,medium,imbalanced,8-10_medium_imbalanced
46980,46980,MIC,1699.0,112.0,8.0,6513.0,0.034227066341545445,,,0.008403361344537815,3,8-10,medium,imbalanced,8-10_medium_imbalanced
46938,46938,Is-this-a-good-customer,1723.0,14.0,2.0,0.0,0.0,,,0.12835625409299278,2,binary,medium,imbalanced,binary_medium_imbalanced
40664,40664,car-evaluation,1728.0,22.0,4.0,0.0,0.0,,,0.05371900826446281,1,3-4,medium,imbalanced,3-4_medium_imbalanced
41829,41829,FOREX_nzdusd-day-Close,1828.0,12.0,2.0,0.0,0.0,,,0.946751863684771,1,binary,medium,balanced,binary_medium_balanced
41830,41830,FOREX_nzdusd-day-High,1828.0,12.0,2.0,0.0,0.0,,,0.946751863684771,1,binary,medium,balanced,binary_medium_balanced
41811,41811,FOREX_cadchf-day-Close,1831.0,12.0,2.0,0.0,0.0,,,0.9293993677555321,1,binary,medium,balanced,binary_medium_balanced
41746,41746,FOREX_cadchf-day-High,1831.0,12.0,2.0,0.0,0.0,,,0.9375661375661376,1,binary,medium,balanced,binary_medium_balanced
41821,41821,FOREX_eurpln-day-Close,1832.0,12.0,2.0,0.0,0.0,,,0.9593582887700535,1,binary,medium,balanced,binary_medium_balanced
41719,41719,FOREX_eurjpy-day-High,1832.0,12.0,2.0,0.0,0.0,,,0.9593582887700535,1,binary,medium,balanced,binary_medium_balanced
41801,41801,FOREX_eursgd-day-High,1832.0,12.0,2.0,0.0,0.0,,,0.9284210526315789,1,binary,medium,balanced,binary_medium_balanced
41713,41713,FOREX_eurnzd-day-High,1832.0,12.0,2.0,0.0,0.0,,,0.9183246073298429,1,binary,medium,balanced,binary_medium_balanced
41841,41841,FOREX_chfsgd-day-Close,1832.0,12.0,2.0,0.0,0.0,,,0.9635584137191854,1,binary,medium,balanced,binary_medium_balanced
41724,41724,FOREX_chfjpy-day-Close,1832.0,12.0,2.0,0.0,0.0,,,0.98914223669924,1,binary,medium,balanced,binary_medium_balanced
41707,41707,FOREX_usddkk-day-High,1832.0,12.0,2.0,0.0,0.0,,,0.948936170212766,1,binary,medium,balanced,binary_medium_balanced
41788,41788,FOREX_audnzd-day-High,1832.0,12.0,2.0,0.0,0.0,,,0.8265204386839482,1,binary,medium,balanced,binary_medium_balanced
41785,41785,FOREX_eurtry-day-High,1832.0,12.0,2.0,0.0,0.0,,,0.9656652360515021,1,binary,medium,balanced,binary_medium_balanced
41733,41733,FOREX_eurhkd-day-High,1832.0,12.0,2.0,0.0,0.0,,,0.9083333333333333,1,binary,medium,balanced,binary_medium_balanced
41754,41754,FOREX_eurjpy-day-Close,1832.0,12.0,2.0,0.0,0.0,,,0.9572649572649573,1,binary,medium,balanced,binary_medium_balanced
41765,41765,FOREX_eurtry-day-Close,1832.0,12.0,2.0,0.0,0.0,,,0.9593582887700535,1,binary,medium,balanced,binary_medium_balanced
41744,41744,FOREX_eurrub-day-High,1832.0,12.0,2.0,0.0,0.0,,,0.940677966101695,1,binary,medium,balanced,binary_medium_balanced
41756,41756,FOREX_audsgd-day-High,1832.0,12.0,2.0,0.0,0.0,,,0.9698924731182795,1,binary,medium,balanced,binary_medium_balanced
41826,41826,FOREX_eurnzd-day-Close,1832.0,12.0,2.0,0.0,0.0,,,0.9183246073298429,1,binary,medium,balanced,binary_medium_balanced
41874,41874,FOREX_eursgd-day-Close,1832.0,12.0,2.0,0.0,0.0,,,0.9826839826839827,1,binary,medium,balanced,binary_medium_balanced
41882,41882,FOREX_audjpy-day-High,1832.0,12.0,2.0,0.0,0.0,,,0.946865037194474,1,binary,medium,balanced,binary_medium_balanced
41868,41868,FOREX_eurpln-day-High,1832.0,12.0,2.0,0.0,0.0,,,0.890608875128999,1,binary,medium,balanced,binary_medium_balanced
41857,41857,FOREX_audjpy-day-Close,1832.0,12.0,2.0,0.0,0.0,,,0.9143155694879833,1,binary,medium,balanced,binary_medium_balanced
41848,41848,FOREX_chfjpy-day-High,1832.0,12.0,2.0,0.0,0.0,,,0.9572649572649573,1,binary,medium,balanced,binary_medium_balanced
41872,41872,FOREX_eurhkd-day-Close,1832.0,12.0,2.0,0.0,0.0,,,0.9978189749182116,1,binary,medium,balanced,binary_medium_balanced
41897,41897,FOREX_usddkk-day-Close,1832.0,12.0,2.0,0.0,0.0,,,1.0,1,binary,medium,balanced,binary_medium_balanced
41864,41864,FOREX_chfsgd-day-High,1832.0,12.0,2.0,0.0,0.0,,,0.8338338338338338,1,binary,medium,balanced,binary_medium_balanced
41867,41867,FOREX_audnzd-day-Close,1832.0,12.0,2.0,0.0,0.0,,,0.9284210526315789,1,binary,medium,balanced,binary_medium_balanced
41849,41849,FOREX_audsgd-day-Close,1832.0,12.0,2.0,0.0,0.0,,,0.9848320693391116,1,binary,medium,balanced,binary_medium_balanced
41815,41815,FOREX_eurrub-day-Close,1832.0,12.0,2.0,0.0,0.0,,,0.9956427015250545,1,binary,medium,balanced,binary_medium_balanced
41834,41834,FOREX_usdcad-day-Close,1833.0,12.0,2.0,0.0,0.0,,,0.909375,1,binary,medium,balanced,binary_medium_balanced
41753,41753,FOREX_usdcad-day-High,1833.0,12.0,2.0,0.0,0.0,,,0.990228013029316,1,binary,medium,balanced,binary_medium_balanced
41803,41803,FOREX_eurchf-day-High,1833.0,12.0,2.0,0.0,0.0,,,0.8742331288343558,1,binary,medium,balanced,binary_medium_balanced
41740,41740,FOREX_audchf-day-Close,1833.0,12.0,2.0,0.0,0.0,,,0.9816216216216216,1,binary,medium,balanced,binary_medium_balanced
41875,41875,FOREX_audchf-day-High,1833.0,12.0,2.0,0.0,0.0,,,0.9730893433799784,1,binary,medium,balanced,binary_medium_balanced
41894,41894,FOREX_eurchf-day-Close,1833.0,12.0,2.0,0.0,0.0,,,0.9254201680672269,1,binary,medium,balanced,binary_medium_balanced
41866,41866,FOREX_euraud-day-High,1834.0,12.0,2.0,0.0,0.0,,,0.9635974304068522,1,binary,medium,balanced,binary_medium_balanced
41716,41716,FOREX_eurcad-day-Close,1834.0,12.0,2.0,0.0,0.0,,,0.9305263157894736,1,binary,medium,balanced,binary_medium_balanced
41725,41725,FOREX_eurcad-day-High,1834.0,12.0,2.0,0.0,0.0,,,0.9657020364415863,1,binary,medium,balanced,binary_medium_balanced
41721,41721,FOREX_audcad-day-High,1834.0,12.0,2.0,0.0,0.0,,,0.9699248120300752,1,binary,medium,balanced,binary_medium_balanced
41790,41790,FOREX_cadjpy-day-Close,1834.0,12.0,2.0,0.0,0.0,,,0.9869989165763814,1,binary,medium,balanced,binary_medium_balanced
41818,41818,FOREX_euraud-day-Close,1834.0,12.0,2.0,0.0,0.0,,,0.9386892177589852,1,binary,medium,balanced,binary_medium_balanced
41760,41760,FOREX_eurhuf-day-High,1834.0,12.0,2.0,0.0,0.0,,,0.9244491080797481,1,binary,medium,balanced,binary_medium_balanced
41750,41750,FOREX_eurhuf-day-Close,1834.0,12.0,2.0,0.0,0.0,,,0.9741657696447793,1,binary,medium,balanced,binary_medium_balanced
41764,41764,FOREX_gbpusd-day-High,1834.0,12.0,2.0,0.0,0.0,,,0.9573105656350054,1,binary,medium,balanced,binary_medium_balanced
41737,41737,FOREX_audusd-day-Close,1834.0,12.0,2.0,0.0,0.0,,,0.9891540130151844,1,binary,medium,balanced,binary_medium_balanced
41784,41784,FOREX_gbpusd-day-Close,1834.0,12.0,2.0,0.0,0.0,,,0.9678111587982833,1,binary,medium,balanced,binary_medium_balanced
41726,41726,FOREX_audusd-day-High,1834.0,12.0,2.0,0.0,0.0,,,0.9144050104384134,1,binary,medium,balanced,binary_medium_balanced
41769,41769,FOREX_audcad-day-Close,1834.0,12.0,2.0,0.0,0.0,,,0.9614973262032086,1,binary,medium,balanced,binary_medium_balanced
41839,41839,FOREX_cadjpy-day-High,1834.0,12.0,2.0,0.0,0.0,,,0.9934782608695653,1,binary,medium,balanced,binary_medium_balanced
41730,41730,FOREX_usdchf-day-High,1835.0,12.0,2.0,0.0,0.0,,,0.9967355821545157,1,binary,medium,balanced,binary_medium_balanced
41797,41797,FOREX_usdjpy-day-High,1835.0,12.0,2.0,0.0,0.0,,,0.992399565689468,1,binary,medium,balanced,binary_medium_balanced
41844,41844,FOREX_eurgbp-day-Close,1835.0,12.0,2.0,0.0,0.0,,,0.9625668449197861,1,binary,medium,balanced,binary_medium_balanced
41766,41766,FOREX_eurgbp-day-High,1835.0,12.0,2.0,0.0,0.0,,,0.9562899786780383,1,binary,medium,balanced,binary_medium_balanced
41858,41858,FOREX_usdchf-day-Close,1835.0,12.0,2.0,0.0,0.0,,,0.9295478443743428,1,binary,medium,balanced,binary_medium_balanced
41722,41722,FOREX_usdjpy-day-Close,1835.0,12.0,2.0,0.0,0.0,,,0.9667738478027867,1,binary,medium,balanced,binary_medium_balanced
41783,41783,FOREX_eurdkk-day-Close,1836.0,12.0,2.0,0.0,0.0,,,0.9205020920502092,1,binary,medium,balanced,binary_medium_balanced
41847,41847,FOREX_eurdkk-day-High,1836.0,12.0,2.0,0.0,0.0,,,0.9552715654952076,1,binary,medium,balanced,binary_medium_balanced
41846,41846,FOREX_eursek-day-Close,1837.0,12.0,2.0,0.0,0.0,,,0.985945945945946,1,binary,medium,balanced,binary_medium_balanced
41863,41863,FOREX_eurnok-day-High,1837.0,12.0,2.0,0.0,0.0,,,0.9336842105263158,1,binary,medium,balanced,binary_medium_balanced
41731,41731,FOREX_eursek-day-High,1837.0,12.0,2.0,0.0,0.0,,,0.9418604651162791,1,binary,medium,balanced,binary_medium_balanced
41812,41812,FOREX_eurnok-day-Close,1837.0,12.0,2.0,0.0,0.0,,,0.99457111834962,1,binary,medium,balanced,binary_medium_balanced
41791,41791,FOREX_eurusd-day-Close,1837.0,12.0,2.0,0.0,0.0,,,0.9838012958963283,1,binary,medium,balanced,binary_medium_balanced
41720,41720,FOREX_eurusd-day-High,1837.0,12.0,2.0,0.0,0.0,,,0.9195402298850575,1,binary,medium,balanced,binary_medium_balanced
40982,40982,steel-plates-fault,1941.0,28.0,7.0,0.0,0.0,,,0.08172362555720654,3,5-7,medium,imbalanced,5-7_medium_imbalanced
46959,46959,steel-plates-fault,1941.0,27.0,7.0,0.0,0.0,,,0.08172362555720654,4,5-7,medium,imbalanced,5-7_medium_imbalanced
44504,44504,steel-plates-fault_seed_1_nrows_2000_nclasses_10_ncols_100_stratify_True,1941.0,28.0,7.0,0.0,0.0,,,0.08172362555720654,1,5-7,medium,imbalanced,5-7_medium_imbalanced
1504,1504,steel-plates-fault,1941.0,34.0,2.0,0.0,0.0,,,0.5307570977917981,1,binary,medium,balanced,binary_medium_balanced
44505,44505,steel-plates-fault_seed_2_nrows_2000_nclasses_10_ncols_100_stratify_True,1941.0,28.0,7.0,0.0,0.0,,,0.08172362555720654,1,5-7,medium,imbalanced,5-7_medium_imbalanced
44503,44503,steel-plates-fault_seed_0_nrows_2000_nclasses_10_ncols_100_stratify_True,1941.0,28.0,7.0,0.0,0.0,,,0.08172362555720654,1,5-7,medium,imbalanced,5-7_medium_imbalanced
44507,44507,steel-plates-fault_seed_4_nrows_2000_nclasses_10_ncols_100_stratify_True,1941.0,28.0,7.0,0.0,0.0,,,0.08172362555720654,1,5-7,medium,imbalanced,5-7_medium_imbalanced
44506,44506,steel-plates-fault_seed_3_nrows_2000_nclasses_10_ncols_100_stratify_True,1941.0,28.0,7.0,0.0,0.0,,,0.08172362555720654,1,5-7,medium,imbalanced,5-7_medium_imbalanced
802,802,pbcseq,1945.0,19.0,2.0,1133.0,0.030658909484508185,,,0.998972250770812,2,binary,medium,balanced,binary_medium_balanced
44786,44786,porto-seguro_seed_3_nrows_2000_nclasses_10_ncols_100_stratify_True,2000.0,58.0,2.0,2863.0,0.024681034482758622,,,0.03788271925272444,1,binary,medium,imbalanced,binary_medium_imbalanced
44674,44674,PhishingWebsites_seed_1_nrows_2000_nclasses_10_ncols_100_stratify_True,2000.0,31.0,2.0,0.0,0.0,,,0.7953321364452424,1,binary,medium,balanced,binary_medium_balanced
44705,44705,connect-4_seed_2_nrows_2000_nclasses_10_ncols_100_stratify_True,2000.0,43.0,3.0,0.0,0.0,,,0.14502657555049356,1,3-4,medium,imbalanced,3-4_medium_imbalanced
44704,44704,connect-4_seed_1_nrows_2000_nclasses_10_ncols_100_stratify_True,2000.0,43.0,3.0,0.0,0.0,,,0.14502657555049356,1,3-4,medium,imbalanced,3-4_medium_imbalanced
44703,44703,connect-4_seed_0_nrows_2000_nclasses_10_ncols_100_stratify_True,2000.0,43.0,3.0,0.0,0.0,,,0.14502657555049356,1,3-4,medium,imbalanced,3-4_medium_imbalanced
44702,44702,Fashion-MNIST_seed_4_nrows_2000_nclasses_10_ncols_100_stratify_True,2000.0,101.0,10.0,0.0,0.0,,,1.0,1,8-10,medium,balanced,8-10_medium_balanced
44792,44792,KDDCup09-Upselling_seed_4_nrows_2000_nclasses_10_ncols_100_stratify_True,2000.0,101.0,2.0,9426.0,0.04666336633663366,,,0.07933081489476525,1,binary,medium,imbalanced,binary_medium_imbalanced
44791,44791,KDDCup09-Upselling_seed_3_nrows_2000_nclasses_10_ncols_100_stratify_True,2000.0,101.0,2.0,0.0,0.0,,,0.07933081489476525,1,binary,medium,imbalanced,binary_medium_imbalanced
44460,44460,compass_seed_2_nrows_2000_nclasses_10_ncols_100_stratify_True,2000.0,18.0,2.0,0.0,0.0,,,1.0,1,binary,medium,balanced,binary_medium_balanced
44459,44459,compass_seed_1_nrows_2000_nclasses_10_ncols_100_stratify_True,2000.0,18.0,2.0,0.0,0.0,,,1.0,1,binary,medium,balanced,binary_medium_balanced
44458,44458,compass_seed_0_nrows_2000_nclasses_10_ncols_100_stratify_True,2000.0,18.0,2.0,0.0,0.0,,,1.0,1,binary,medium,balanced,binary_medium_balanced
44457,44457,road-safety_seed_4_nrows_2000_nclasses_10_ncols_100_stratify_True,2000.0,33.0,2.0,0.0,0.0,,,1.0,1,binary,medium,balanced,binary_medium_balanced
44456,44456,road-safety_seed_3_nrows_2000_nclasses_10_ncols_100_stratify_True,2000.0,33.0,2.0,0.0,0.0,,,1.0,1,binary,medium,balanced,binary_medium_balanced
22,22,mfeat-zernike,2000.0,48.0,10.0,0.0,0.0,,,1.0,1,8-10,medium,balanced,8-10_medium_balanced
44453,44453,road-safety_seed_0_nrows_2000_nclasses_10_ncols_100_stratify_True,2000.0,33.0,2.0,0.0,0.0,,,1.0,1,binary,medium,balanced,binary_medium_balanced
44692,44692,wine-quality-white_seed_4_nrows_2000_nclasses_10_ncols_100_stratify_True,2000.0,12.0,7.0,0.0,0.0,,,0.0022271714922048997,1,5-7,medium,imbalanced,5-7_medium_imbalanced
44691,44691,wine-quality-white_seed_3_nrows_2000_nclasses_10_ncols_100_stratify_True,2000.0,12.0,7.0,0.0,0.0,,,0.0022271714922048997,1,5-7,medium,imbalanced,5-7_medium_imbalanced
44496,44496,numerai28.6_seed_3_nrows_2000_nclasses_10_ncols_100_stratify_True,2000.0,22.0,2.0,0.0,0.0,,,0.9801980198019802,1,binary,medium,balanced,binary_medium_balanced
44497,44497,numerai28.6_seed_4_nrows_2000_nclasses_10_ncols_100_stratify_True,2000.0,22.0,2.0,0.0,0.0,,,0.9801980198019802,1,binary,medium,balanced,binary_medium_balanced
44493,44493,numerai28.6_seed_0_nrows_2000_nclasses_10_ncols_100_stratify_True,2000.0,22.0,2.0,0.0,0.0,,,0.9801980198019802,1,binary,medium,balanced,binary_medium_balanced
44697,44697,Satellite_seed_4_nrows_2000_nclasses_10_ncols_100_stratify_True,2000.0,37.0,2.0,0.0,0.0,,,0.014713343480466767,1,binary,medium,imbalanced,binary_medium_imbalanced
44695,44695,Satellite_seed_2_nrows_2000_nclasses_10_ncols_100_stratify_True,2000.0,37.0,2.0,0.0,0.0,,,0.014713343480466767,1,binary,medium,imbalanced,binary_medium_imbalanced
44696,44696,Satellite_seed_3_nrows_2000_nclasses_10_ncols_100_stratify_True,2000.0,37.0,2.0,0.0,0.0,,,0.014713343480466767,1,binary,medium,imbalanced,binary_medium_imbalanced
44694,44694,Satellite_seed_1_nrows_2000_nclasses_10_ncols_100_stratify_True,2000.0,37.0,2.0,0.0,0.0,,,0.014713343480466767,1,binary,medium,imbalanced,binary_medium_imbalanced
44693,44693,Satellite_seed_0_nrows_2000_nclasses_10_ncols_100_stratify_True,2000.0,37.0,2.0,0.0,0.0,,,0.014713343480466767,1,binary,medium,imbalanced,binary_medium_imbalanced
14,14,mfeat-fourier,2000.0,77.0,10.0,0.0,0.0,,,1.0,1,8-10,medium,balanced,8-10_medium_balanced
44710,44710,Amazon_employee_access_seed_2_nrows_2000_nclasses_10_ncols_100_stratify_True,2000.0,10.0,2.0,0.0,0.0,,,0.06157112526539278,1,binary,medium,imbalanced,binary_medium_imbalanced
44709,44709,Amazon_employee_access_seed_1_nrows_2000_nclasses_10_ncols_100_stratify_True,2000.0,10.0,2.0,0.0,0.0,,,0.06157112526539278,1,binary,medium,imbalanced,binary_medium_imbalanced
44708,44708,Amazon_employee_access_seed_0_nrows_2000_nclasses_10_ncols_100_stratify_True,2000.0,10.0,2.0,0.0,0.0,,,0.06157112526539278,1,binary,medium,imbalanced,binary_medium_imbalanced
44707,44707,connect-4_seed_4_nrows_2000_nclasses_10_ncols_100_stratify_True,2000.0,43.0,3.0,0.0,0.0,,,0.14502657555049356,1,3-4,medium,imbalanced,3-4_medium_imbalanced
44706,44706,connect-4_seed_3_nrows_2000_nclasses_10_ncols_100_stratify_True,2000.0,43.0,3.0,0.0,0.0,,,0.14502657555049356,1,3-4,medium,imbalanced,3-4_medium_imbalanced
46944,46944,Mobile_Price,2000.0,21.0,4.0,0.0,0.0,,,1.0,1,3-4,medium,balanced,3-4_medium_balanced
44690,44690,wine-quality-white_seed_2_nrows_2000_nclasses_10_ncols_100_stratify_True,2000.0,12.0,7.0,0.0,0.0,,,0.0022271714922048997,1,5-7,medium,imbalanced,5-7_medium_imbalanced
44782,44782,KDDCup99_seed_4_nrows_2000_nclasses_10_ncols_100_stratify_True,2000.0,42.0,8.0,0.0,0.0,,,0.0008718395815170009,1,8-10,medium,imbalanced,8-10_medium_imbalanced
44781,44781,KDDCup99_seed_3_nrows_2000_nclasses_10_ncols_100_stratify_True,2000.0,42.0,8.0,0.0,0.0,,,0.0008718395815170009,1,8-10,medium,imbalanced,8-10_medium_imbalanced
44701,44701,Fashion-MNIST_seed_3_nrows_2000_nclasses_10_ncols_100_stratify_True,2000.0,101.0,10.0,0.0,0.0,,,1.0,1,8-10,medium,balanced,8-10_medium_balanced
44700,44700,Fashion-MNIST_seed_2_nrows_2000_nclasses_10_ncols_100_stratify_True,2000.0,101.0,10.0,0.0,0.0,,,1.0,1,8-10,medium,balanced,8-10_medium_balanced
44699,44699,Fashion-MNIST_seed_1_nrows_2000_nclasses_10_ncols_100_stratify_True,2000.0,101.0,10.0,0.0,0.0,,,1.0,1,8-10,medium,balanced,8-10_medium_balanced
44698,44698,Fashion-MNIST_seed_0_nrows_2000_nclasses_10_ncols_100_stratify_True,2000.0,101.0,10.0,0.0,0.0,,,1.0,1,8-10,medium,balanced,8-10_medium_balanced
44790,44790,KDDCup09-Upselling_seed_2_nrows_2000_nclasses_10_ncols_100_stratify_True,2000.0,101.0,2.0,5914.0,0.02927722772277228,,,0.07933081489476525,1,binary,medium,imbalanced,binary_medium_imbalanced
44789,44789,KDDCup09-Upselling_seed_1_nrows_2000_nclasses_10_ncols_100_stratify_True,2000.0,101.0,2.0,7121.0,0.03525247524752475,,,0.07933081489476525,1,binary,medium,imbalanced,binary_medium_imbalanced
44787,44787,porto-seguro_seed_4_nrows_2000_nclasses_10_ncols_100_stratify_True,2000.0,58.0,2.0,2837.0,0.024456896551724137,,,0.03788271925272444,1,binary,medium,imbalanced,binary_medium_imbalanced
44788,44788,KDDCup09-Upselling_seed_0_nrows_2000_nclasses_10_ncols_100_stratify_True,2000.0,101.0,2.0,3570.0,0.01767326732673267,,,0.07933081489476525,1,binary,medium,imbalanced,binary_medium_imbalanced
44785,44785,porto-seguro_seed_2_nrows_2000_nclasses_10_ncols_100_stratify_True,2000.0,58.0,2.0,2855.0,0.02461206896551724,,,0.03788271925272444,1,binary,medium,imbalanced,binary_medium_imbalanced
44637,44637,segment_seed_4_nrows_2000_nclasses_10_ncols_100_stratify_True,2000.0,17.0,7.0,0.0,0.0,,,0.9965034965034965,1,5-7,medium,balanced,5-7_medium_balanced
44784,44784,porto-seguro_seed_1_nrows_2000_nclasses_10_ncols_100_stratify_True,2000.0,58.0,2.0,2775.0,0.023922413793103448,,,0.03788271925272444,1,binary,medium,imbalanced,binary_medium_imbalanced
44783,44783,porto-seguro_seed_0_nrows_2000_nclasses_10_ncols_100_stratify_True,2000.0,58.0,2.0,2846.0,0.02453448275862069,,,0.03788271925272444,1,binary,medium,imbalanced,binary_medium_imbalanced
44669,44669,GesturePhaseSegmentationProcessed_seed_1_nrows_2000_nclasses_10_ncols_100_stratify_True,2000.0,33.0,5.0,0.0,0.0,,,0.3377926421404682,1,5-7,medium,imbalanced,5-7_medium_imbalanced
44668,44668,GesturePhaseSegmentationProcessed_seed_0_nrows_2000_nclasses_10_ncols_100_stratify_True,2000.0,33.0,5.0,0.0,0.0,,,0.3377926421404682,1,5-7,medium,imbalanced,5-7_medium_imbalanced
44667,44667,first-order-theorem-proving_seed_4_nrows_2000_nclasses_10_ncols_100_stratify_True,2000.0,52.0,6.0,0.0,0.0,,,0.19041916167664671,1,5-7,medium,imbalanced,5-7_medium_imbalanced
44666,44666,first-order-theorem-proving_seed_3_nrows_2000_nclasses_10_ncols_100_stratify_True,2000.0,52.0,6.0,0.0,0.0,,,0.19041916167664671,1,5-7,medium,imbalanced,5-7_medium_imbalanced
44665,44665,first-order-theorem-proving_seed_2_nrows_2000_nclasses_10_ncols_100_stratify_True,2000.0,52.0,6.0,0.0,0.0,,,0.19041916167664671,1,5-7,medium,imbalanced,5-7_medium_imbalanced
44664,44664,first-order-theorem-proving_seed_1_nrows_2000_nclasses_10_ncols_100_stratify_True,2000.0,52.0,6.0,0.0,0.0,,,0.19041916167664671,1,5-7,medium,imbalanced,5-7_medium_imbalanced
44663,44663,first-order-theorem-proving_seed_0_nrows_2000_nclasses_10_ncols_100_stratify_True,2000.0,52.0,6.0,0.0,0.0,,,0.19041916167664671,1,5-7,medium,imbalanced,5-7_medium_imbalanced
44662,44662,churn_seed_4_nrows_2000_nclasses_10_ncols_100_stratify_True,2000.0,21.0,2.0,0.0,0.0,,,0.1648223645894001,1,binary,medium,imbalanced,binary_medium_imbalanced
44661,44661,churn_seed_3_nrows_2000_nclasses_10_ncols_100_stratify_True,2000.0,21.0,2.0,0.0,0.0,,,0.1648223645894001,1,binary,medium,imbalanced,binary_medium_imbalanced
44660,44660,churn_seed_2_nrows_2000_nclasses_10_ncols_100_stratify_True,2000.0,21.0,2.0,0.0,0.0,,,0.1648223645894001,1,binary,medium,imbalanced,binary_medium_imbalanced
44659,44659,churn_seed_1_nrows_2000_nclasses_10_ncols_100_stratify_True,2000.0,21.0,2.0,0.0,0.0,,,0.1648223645894001,1,binary,medium,imbalanced,binary_medium_imbalanced
44658,44658,churn_seed_0_nrows_2000_nclasses_10_ncols_100_stratify_True,2000.0,21.0,2.0,0.0,0.0,,,0.1648223645894001,1,binary,medium,imbalanced,binary_medium_imbalanced
44689,44689,wine-quality-white_seed_1_nrows_2000_nclasses_10_ncols_100_stratify_True,2000.0,12.0,7.0,0.0,0.0,,,0.0022271714922048997,1,5-7,medium,imbalanced,5-7_medium_imbalanced
44688,44688,wine-quality-white_seed_0_nrows_2000_nclasses_10_ncols_100_stratify_True,2000.0,12.0,7.0,0.0,0.0,,,0.0022271714922048997,1,5-7,medium,imbalanced,5-7_medium_imbalanced
44687,44687,christine_seed_4_nrows_2000_nclasses_10_ncols_100_stratify_True,2000.0,101.0,2.0,0.0,0.0,,,1.0,1,binary,medium,balanced,binary_medium_balanced
44686,44686,christine_seed_3_nrows_2000_nclasses_10_ncols_100_stratify_True,2000.0,101.0,2.0,0.0,0.0,,,1.0,1,binary,medium,balanced,binary_medium_balanced
46752,46752,student_lifestyle_dataset,2000.0,8.0,3.0,0.0,0.0,,,0.2886297376093295,1,3-4,medium,imbalanced,3-4_medium_imbalanced
44653,44653,Bioresponse_seed_0_nrows_2000_nclasses_10_ncols_100_stratify_True,2000.0,101.0,2.0,0.0,0.0,,,0.8433179723502304,1,binary,medium,balanced,binary_medium_balanced
44651,44651,Internet-Advertisements_seed_3_nrows_2000_nclasses_10_ncols_100_stratify_True,2000.0,101.0,2.0,0.0,0.0,,,0.16279069767441862,1,binary,medium,imbalanced,binary_medium_imbalanced
44652,44652,Internet-Advertisements_seed_4_nrows_2000_nclasses_10_ncols_100_stratify_True,2000.0,101.0,2.0,0.0,0.0,,,0.16279069767441862,1,binary,medium,imbalanced,binary_medium_imbalanced
44650,44650,Internet-Advertisements_seed_2_nrows_2000_nclasses_10_ncols_100_stratify_True,2000.0,101.0,2.0,0.0,0.0,,,0.16279069767441862,1,binary,medium,imbalanced,binary_medium_imbalanced
44649,44649,Internet-Advertisements_seed_1_nrows_2000_nclasses_10_ncols_100_stratify_True,2000.0,101.0,2.0,0.0,0.0,,,0.16279069767441862,1,binary,medium,imbalanced,binary_medium_imbalanced
44647,44647,kr-vs-kp_seed_4_nrows_2000_nclasses_10_ncols_100_stratify_True,2000.0,37.0,2.0,0.0,0.0,,,0.9157088122605364,1,binary,medium,balanced,binary_medium_balanced
44648,44648,Internet-Advertisements_seed_0_nrows_2000_nclasses_10_ncols_100_stratify_True,2000.0,101.0,2.0,0.0,0.0,,,0.16279069767441862,1,binary,medium,imbalanced,binary_medium_imbalanced
44646,44646,kr-vs-kp_seed_3_nrows_2000_nclasses_10_ncols_100_stratify_True,2000.0,37.0,2.0,0.0,0.0,,,0.9157088122605364,1,binary,medium,balanced,binary_medium_balanced
44645,44645,kr-vs-kp_seed_2_nrows_2000_nclasses_10_ncols_100_stratify_True,2000.0,37.0,2.0,0.0,0.0,,,0.9157088122605364,1,binary,medium,balanced,binary_medium_balanced
44644,44644,kr-vs-kp_seed_1_nrows_2000_nclasses_10_ncols_100_stratify_True,2000.0,37.0,2.0,0.0,0.0,,,0.9157088122605364,1,binary,medium,balanced,binary_medium_balanced
44643,44643,kr-vs-kp_seed_0_nrows_2000_nclasses_10_ncols_100_stratify_True,2000.0,37.0,2.0,0.0,0.0,,,0.9157088122605364,1,binary,medium,balanced,binary_medium_balanced
44642,44642,dna_seed_4_nrows_2000_nclasses_10_ncols_100_stratify_True,2000.0,101.0,3.0,0.0,0.0,,,0.4624277456647399,1,3-4,medium,imbalanced,3-4_medium_imbalanced
44673,44673,PhishingWebsites_seed_0_nrows_2000_nclasses_10_ncols_100_stratify_True,2000.0,31.0,2.0,0.0,0.0,,,0.7953321364452424,1,binary,medium,balanced,binary_medium_balanced
44672,44672,GesturePhaseSegmentationProcessed_seed_4_nrows_2000_nclasses_10_ncols_100_stratify_True,2000.0,33.0,5.0,0.0,0.0,,,0.3377926421404682,1,5-7,medium,imbalanced,5-7_medium_imbalanced
44670,44670,GesturePhaseSegmentationProcessed_seed_2_nrows_2000_nclasses_10_ncols_100_stratify_True,2000.0,33.0,5.0,0.0,0.0,,,0.3377926421404682,1,5-7,medium,imbalanced,5-7_medium_imbalanced
44671,44671,GesturePhaseSegmentationProcessed_seed_3_nrows_2000_nclasses_10_ncols_100_stratify_True,2000.0,33.0,5.0,0.0,0.0,,,0.3377926421404682,1,5-7,medium,imbalanced,5-7_medium_imbalanced
44777,44777,sf-police-incidents_seed_4_nrows_2000_nclasses_10_ncols_100_stratify_True,2000.0,9.0,2.0,0.0,0.0,,,0.13830392714854867,1,binary,medium,imbalanced,binary_medium_imbalanced
44776,44776,sf-police-incidents_seed_3_nrows_2000_nclasses_10_ncols_100_stratify_True,2000.0,9.0,2.0,0.0,0.0,,,0.13830392714854867,1,binary,medium,imbalanced,binary_medium_imbalanced
44763,44763,Click_prediction_small_seed_0_nrows_2000_nclasses_10_ncols_100_stratify_True,2000.0,12.0,2.0,0.0,0.0,,,0.2026458208057727,1,binary,medium,imbalanced,binary_medium_imbalanced
44757,44757,riccardo_seed_4_nrows_2000_nclasses_10_ncols_100_stratify_True,2000.0,101.0,2.0,0.0,0.0,,,0.3333333333333333,1,binary,medium,imbalanced,binary_medium_imbalanced
44756,44756,riccardo_seed_3_nrows_2000_nclasses_10_ncols_100_stratify_True,2000.0,101.0,2.0,0.0,0.0,,,0.3333333333333333,1,binary,medium,imbalanced,binary_medium_imbalanced
44754,44754,riccardo_seed_1_nrows_2000_nclasses_10_ncols_100_stratify_True,2000.0,101.0,2.0,0.0,0.0,,,0.3333333333333333,1,binary,medium,imbalanced,binary_medium_imbalanced
44755,44755,riccardo_seed_2_nrows_2000_nclasses_10_ncols_100_stratify_True,2000.0,101.0,2.0,0.0,0.0,,,0.3333333333333333,1,binary,medium,imbalanced,binary_medium_imbalanced
44753,44753,riccardo_seed_0_nrows_2000_nclasses_10_ncols_100_stratify_True,2000.0,101.0,2.0,0.0,0.0,,,0.3333333333333333,1,binary,medium,imbalanced,binary_medium_imbalanced
44685,44685,christine_seed_2_nrows_2000_nclasses_10_ncols_100_stratify_True,2000.0,101.0,2.0,0.0,0.0,,,1.0,1,binary,medium,balanced,binary_medium_balanced
44636,44636,segment_seed_3_nrows_2000_nclasses_10_ncols_100_stratify_True,2000.0,17.0,7.0,0.0,0.0,,,0.9965034965034965,1,5-7,medium,balanced,5-7_medium_balanced
44635,44635,segment_seed_2_nrows_2000_nclasses_10_ncols_100_stratify_True,2000.0,17.0,7.0,0.0,0.0,,,0.9965034965034965,1,5-7,medium,balanced,5-7_medium_balanced
44634,44634,segment_seed_1_nrows_2000_nclasses_10_ncols_100_stratify_True,2000.0,17.0,7.0,0.0,0.0,,,0.9965034965034965,1,5-7,medium,balanced,5-7_medium_balanced
44633,44633,segment_seed_0_nrows_2000_nclasses_10_ncols_100_stratify_True,2000.0,17.0,7.0,0.0,0.0,,,0.9965034965034965,1,5-7,medium,balanced,5-7_medium_balanced
44632,44632,kc1_seed_4_nrows_2000_nclasses_10_ncols_100_stratify_True,2000.0,22.0,2.0,0.0,0.0,,,0.18273211117681845,1,binary,medium,imbalanced,binary_medium_imbalanced
44630,44630,kc1_seed_2_nrows_2000_nclasses_10_ncols_100_stratify_True,2000.0,22.0,2.0,0.0,0.0,,,0.18273211117681845,1,binary,medium,imbalanced,binary_medium_imbalanced
44631,44631,kc1_seed_3_nrows_2000_nclasses_10_ncols_100_stratify_True,2000.0,22.0,2.0,0.0,0.0,,,0.18273211117681845,1,binary,medium,imbalanced,binary_medium_imbalanced
44629,44629,kc1_seed_1_nrows_2000_nclasses_10_ncols_100_stratify_True,2000.0,22.0,2.0,0.0,0.0,,,0.18273211117681845,1,binary,medium,imbalanced,binary_medium_imbalanced
44628,44628,kc1_seed_0_nrows_2000_nclasses_10_ncols_100_stratify_True,2000.0,22.0,2.0,0.0,0.0,,,0.18273211117681845,1,binary,medium,imbalanced,binary_medium_imbalanced
44627,44627,mfeat-factors_seed_4_nrows_2000_nclasses_10_ncols_100_stratify_True,2000.0,101.0,10.0,0.0,0.0,,,1.0,1,8-10,medium,balanced,8-10_medium_balanced
44625,44625,mfeat-factors_seed_2_nrows_2000_nclasses_10_ncols_100_stratify_True,2000.0,101.0,10.0,0.0,0.0,,,1.0,1,8-10,medium,balanced,8-10_medium_balanced
44657,44657,Bioresponse_seed_4_nrows_2000_nclasses_10_ncols_100_stratify_True,2000.0,101.0,2.0,0.0,0.0,,,0.8433179723502304,1,binary,medium,balanced,binary_medium_balanced
44656,44656,Bioresponse_seed_3_nrows_2000_nclasses_10_ncols_100_stratify_True,2000.0,101.0,2.0,0.0,0.0,,,0.8433179723502304,1,binary,medium,balanced,binary_medium_balanced
44655,44655,Bioresponse_seed_2_nrows_2000_nclasses_10_ncols_100_stratify_True,2000.0,101.0,2.0,0.0,0.0,,,0.8433179723502304,1,binary,medium,balanced,binary_medium_balanced
44654,44654,Bioresponse_seed_1_nrows_2000_nclasses_10_ncols_100_stratify_True,2000.0,101.0,2.0,0.0,0.0,,,0.8433179723502304,1,binary,medium,balanced,binary_medium_balanced
44684,44684,christine_seed_1_nrows_2000_nclasses_10_ncols_100_stratify_True,2000.0,101.0,2.0,0.0,0.0,,,1.0,1,binary,medium,balanced,binary_medium_balanced
44683,44683,christine_seed_0_nrows_2000_nclasses_10_ncols_100_stratify_True,2000.0,101.0,2.0,0.0,0.0,,,1.0,1,binary,medium,balanced,binary_medium_balanced
44779,44779,KDDCup99_seed_1_nrows_2000_nclasses_10_ncols_100_stratify_True,2000.0,42.0,8.0,0.0,0.0,,,0.0008718395815170009,1,8-10,medium,imbalanced,8-10_medium_imbalanced
44780,44780,KDDCup99_seed_2_nrows_2000_nclasses_10_ncols_100_stratify_True,2000.0,42.0,8.0,0.0,0.0,,,0.0008718395815170009,1,8-10,medium,imbalanced,8-10_medium_imbalanced
44778,44778,KDDCup99_seed_0_nrows_2000_nclasses_10_ncols_100_stratify_True,2000.0,42.0,8.0,0.0,0.0,,,0.0008718395815170009,1,8-10,medium,imbalanced,8-10_medium_imbalanced
44775,44775,sf-police-incidents_seed_2_nrows_2000_nclasses_10_ncols_100_stratify_True,2000.0,9.0,2.0,0.0,0.0,,,0.13830392714854867,1,binary,medium,imbalanced,binary_medium_imbalanced
44774,44774,sf-police-incidents_seed_1_nrows_2000_nclasses_10_ncols_100_stratify_True,2000.0,9.0,2.0,0.0,0.0,,,0.13830392714854867,1,binary,medium,imbalanced,binary_medium_imbalanced
44773,44773,sf-police-incidents_seed_0_nrows_2000_nclasses_10_ncols_100_stratify_True,2000.0,9.0,2.0,0.0,0.0,,,0.13830392714854867,1,binary,medium,imbalanced,binary_medium_imbalanced
44767,44767,Click_prediction_small_seed_4_nrows_2000_nclasses_10_ncols_100_stratify_True,2000.0,12.0,2.0,0.0,0.0,,,0.2026458208057727,1,binary,medium,imbalanced,binary_medium_imbalanced
44766,44766,Click_prediction_small_seed_3_nrows_2000_nclasses_10_ncols_100_stratify_True,2000.0,12.0,2.0,0.0,0.0,,,0.2026458208057727,1,binary,medium,imbalanced,binary_medium_imbalanced
44765,44765,Click_prediction_small_seed_2_nrows_2000_nclasses_10_ncols_100_stratify_True,2000.0,12.0,2.0,0.0,0.0,,,0.2026458208057727,1,binary,medium,imbalanced,binary_medium_imbalanced
44764,44764,Click_prediction_small_seed_1_nrows_2000_nclasses_10_ncols_100_stratify_True,2000.0,12.0,2.0,0.0,0.0,,,0.2026458208057727,1,binary,medium,imbalanced,binary_medium_imbalanced
44744,44744,shuttle_seed_1_nrows_2000_nclasses_10_ncols_100_stratify_True,2000.0,10.0,5.0,0.0,0.0,,,0.001272264631043257,1,5-7,medium,imbalanced,5-7_medium_imbalanced
44742,44742,robert_seed_4_nrows_2000_nclasses_10_ncols_100_stratify_True,2000.0,101.0,10.0,0.0,0.0,,,0.9230769230769231,1,8-10,medium,balanced,8-10_medium_balanced
44741,44741,robert_seed_3_nrows_2000_nclasses_10_ncols_100_stratify_True,2000.0,101.0,10.0,0.0,0.0,,,0.9230769230769231,1,8-10,medium,balanced,8-10_medium_balanced
44740,44740,robert_seed_2_nrows_2000_nclasses_10_ncols_100_stratify_True,2000.0,101.0,10.0,0.0,0.0,,,0.9186602870813397,1,8-10,medium,balanced,8-10_medium_balanced
44739,44739,robert_seed_1_nrows_2000_nclasses_10_ncols_100_stratify_True,2000.0,101.0,10.0,0.0,0.0,,,0.9138755980861244,1,8-10,medium,balanced,8-10_medium_balanced
44738,44738,robert_seed_0_nrows_2000_nclasses_10_ncols_100_stratify_True,2000.0,101.0,10.0,0.0,0.0,,,0.9186602870813397,1,8-10,medium,balanced,8-10_medium_balanced
44737,44737,volkert_seed_4_nrows_2000_nclasses_10_ncols_100_stratify_True,2000.0,101.0,10.0,0.0,0.0,,,0.1070615034168565,1,8-10,medium,imbalanced,8-10_medium_imbalanced
44494,44494,numerai28.6_seed_1_nrows_2000_nclasses_10_ncols_100_stratify_True,2000.0,22.0,2.0,0.0,0.0,,,0.9801980198019802,1,binary,medium,balanced,binary_medium_balanced
16,16,mfeat-karhunen,2000.0,65.0,10.0,0.0,0.0,,,1.0,1,8-10,medium,balanced,8-10_medium_balanced
44677,44677,PhishingWebsites_seed_4_nrows_2000_nclasses_10_ncols_100_stratify_True,2000.0,31.0,2.0,0.0,0.0,,,0.7953321364452424,1,binary,medium,balanced,binary_medium_balanced
44675,44675,PhishingWebsites_seed_2_nrows_2000_nclasses_10_ncols_100_stratify_True,2000.0,31.0,2.0,0.0,0.0,,,0.7953321364452424,1,binary,medium,balanced,binary_medium_balanced
44626,44626,mfeat-factors_seed_3_nrows_2000_nclasses_10_ncols_100_stratify_True,2000.0,101.0,10.0,0.0,0.0,,,1.0,1,8-10,medium,balanced,8-10_medium_balanced
44624,44624,mfeat-factors_seed_1_nrows_2000_nclasses_10_ncols_100_stratify_True,2000.0,101.0,10.0,0.0,0.0,,,1.0,1,8-10,medium,balanced,8-10_medium_balanced
44623,44623,mfeat-factors_seed_0_nrows_2000_nclasses_10_ncols_100_stratify_True,2000.0,101.0,10.0,0.0,0.0,,,1.0,1,8-10,medium,balanced,8-10_medium_balanced
44641,44641,dna_seed_3_nrows_2000_nclasses_10_ncols_100_stratify_True,2000.0,101.0,3.0,0.0,0.0,,,0.4624277456647399,1,3-4,medium,imbalanced,3-4_medium_imbalanced
44640,44640,dna_seed_2_nrows_2000_nclasses_10_ncols_100_stratify_True,2000.0,101.0,3.0,0.0,0.0,,,0.4624277456647399,1,3-4,medium,imbalanced,3-4_medium_imbalanced
44639,44639,dna_seed_1_nrows_2000_nclasses_10_ncols_100_stratify_True,2000.0,101.0,3.0,0.0,0.0,,,0.4624277456647399,1,3-4,medium,imbalanced,3-4_medium_imbalanced
44638,44638,dna_seed_0_nrows_2000_nclasses_10_ncols_100_stratify_True,2000.0,101.0,3.0,0.0,0.0,,,0.4624277456647399,1,3-4,medium,imbalanced,3-4_medium_imbalanced
44751,44751,guillermo_seed_3_nrows_2000_nclasses_10_ncols_100_stratify_True,2000.0,101.0,2.0,0.0,0.0,,,0.6666666666666666,1,binary,medium,balanced,binary_medium_balanced
44750,44750,guillermo_seed_2_nrows_2000_nclasses_10_ncols_100_stratify_True,2000.0,101.0,2.0,0.0,0.0,,,0.6666666666666666,1,binary,medium,balanced,binary_medium_balanced
44752,44752,guillermo_seed_4_nrows_2000_nclasses_10_ncols_100_stratify_True,2000.0,101.0,2.0,0.0,0.0,,,0.6666666666666666,1,binary,medium,balanced,binary_medium_balanced
44749,44749,guillermo_seed_1_nrows_2000_nclasses_10_ncols_100_stratify_True,2000.0,101.0,2.0,0.0,0.0,,,0.6666666666666666,1,binary,medium,balanced,binary_medium_balanced
44748,44748,guillermo_seed_0_nrows_2000_nclasses_10_ncols_100_stratify_True,2000.0,101.0,2.0,0.0,0.0,,,0.6666666666666666,1,binary,medium,balanced,binary_medium_balanced
44746,44746,shuttle_seed_3_nrows_2000_nclasses_10_ncols_100_stratify_True,2000.0,10.0,5.0,0.0,0.0,,,0.001272264631043257,1,5-7,medium,imbalanced,5-7_medium_imbalanced
44747,44747,shuttle_seed_4_nrows_2000_nclasses_10_ncols_100_stratify_True,2000.0,10.0,5.0,0.0,0.0,,,0.001272264631043257,1,5-7,medium,imbalanced,5-7_medium_imbalanced
44743,44743,shuttle_seed_0_nrows_2000_nclasses_10_ncols_100_stratify_True,2000.0,10.0,5.0,0.0,0.0,,,0.001272264631043257,1,5-7,medium,imbalanced,5-7_medium_imbalanced
44745,44745,shuttle_seed_2_nrows_2000_nclasses_10_ncols_100_stratify_True,2000.0,10.0,5.0,0.0,0.0,,,0.001272264631043257,1,5-7,medium,imbalanced,5-7_medium_imbalanced
44676,44676,PhishingWebsites_seed_3_nrows_2000_nclasses_10_ncols_100_stratify_True,2000.0,31.0,2.0,0.0,0.0,,,0.7953321364452424,1,binary,medium,balanced,binary_medium_balanced
44495,44495,numerai28.6_seed_2_nrows_2000_nclasses_10_ncols_100_stratify_True,2000.0,22.0,2.0,0.0,0.0,,,0.9801980198019802,1,binary,medium,balanced,binary_medium_balanced
44582,44582,Diabetes130US_seed_4_nrows_2000_nclasses_10_ncols_100_stratify_True,2000.0,50.0,3.0,3764.0,0.03764,,,0.20686456400742115,1,3-4,medium,imbalanced,3-4_medium_imbalanced
44581,44581,Diabetes130US_seed_3_nrows_2000_nclasses_10_ncols_100_stratify_True,2000.0,50.0,3.0,3814.0,0.03814,,,0.20686456400742115,1,3-4,medium,imbalanced,3-4_medium_imbalanced
44580,44580,Diabetes130US_seed_2_nrows_2000_nclasses_10_ncols_100_stratify_True,2000.0,50.0,3.0,3820.0,0.0382,,,0.20686456400742115,1,3-4,medium,imbalanced,3-4_medium_imbalanced
44579,44579,Diabetes130US_seed_1_nrows_2000_nclasses_10_ncols_100_stratify_True,2000.0,50.0,3.0,3790.0,0.0379,,,0.20686456400742115,1,3-4,medium,imbalanced,3-4_medium_imbalanced
44716,44716,nomao_seed_3_nrows_2000_nclasses_10_ncols_100_stratify_True,2000.0,101.0,2.0,0.0,0.0,,,0.3995801259622113,1,binary,medium,imbalanced,binary_medium_imbalanced
44578,44578,Diabetes130US_seed_0_nrows_2000_nclasses_10_ncols_100_stratify_True,2000.0,50.0,3.0,3850.0,0.0385,,,0.20686456400742115,1,3-4,medium,imbalanced,3-4_medium_imbalanced
44572,44572,ada_seed_4_nrows_2000_nclasses_10_ncols_100_stratify_True,2000.0,49.0,2.0,0.0,0.0,,,0.32978723404255317,1,binary,medium,imbalanced,binary_medium_imbalanced
44571,44571,ada_seed_3_nrows_2000_nclasses_10_ncols_100_stratify_True,2000.0,49.0,2.0,0.0,0.0,,,0.32978723404255317,1,binary,medium,imbalanced,binary_medium_imbalanced
44570,44570,ada_seed_2_nrows_2000_nclasses_10_ncols_100_stratify_True,2000.0,49.0,2.0,0.0,0.0,,,0.32978723404255317,1,binary,medium,imbalanced,binary_medium_imbalanced
44569,44569,ada_seed_1_nrows_2000_nclasses_10_ncols_100_stratify_True,2000.0,49.0,2.0,0.0,0.0,,,0.32978723404255317,1,binary,medium,imbalanced,binary_medium_imbalanced
44568,44568,ada_seed_0_nrows_2000_nclasses_10_ncols_100_stratify_True,2000.0,49.0,2.0,0.0,0.0,,,0.32978723404255317,1,binary,medium,imbalanced,binary_medium_imbalanced
44567,44567,philippine_seed_4_nrows_2000_nclasses_10_ncols_100_stratify_True,2000.0,101.0,2.0,0.0,0.0,,,1.0,1,binary,medium,balanced,binary_medium_balanced
44566,44566,philippine_seed_3_nrows_2000_nclasses_10_ncols_100_stratify_True,2000.0,101.0,2.0,0.0,0.0,,,1.0,1,binary,medium,balanced,binary_medium_balanced
44565,44565,philippine_seed_2_nrows_2000_nclasses_10_ncols_100_stratify_True,2000.0,101.0,2.0,0.0,0.0,,,1.0,1,binary,medium,balanced,binary_medium_balanced
44564,44564,philippine_seed_1_nrows_2000_nclasses_10_ncols_100_stratify_True,2000.0,101.0,2.0,0.0,0.0,,,1.0,1,binary,medium,balanced,binary_medium_balanced
44562,44562,madeline_seed_4_nrows_2000_nclasses_10_ncols_100_stratify_True,2000.0,101.0,2.0,0.0,0.0,,,0.9880715705765407,1,binary,medium,balanced,binary_medium_balanced
971,971,mfeat-fourier,2000.0,77.0,2.0,0.0,0.0,,,0.1111111111111111,2,binary,medium,imbalanced,binary_medium_imbalanced
44715,44715,nomao_seed_2_nrows_2000_nclasses_10_ncols_100_stratify_True,2000.0,101.0,2.0,0.0,0.0,,,0.3995801259622113,1,binary,medium,imbalanced,binary_medium_imbalanced
44714,44714,nomao_seed_1_nrows_2000_nclasses_10_ncols_100_stratify_True,2000.0,101.0,2.0,0.0,0.0,,,0.3995801259622113,1,binary,medium,imbalanced,binary_medium_imbalanced
44713,44713,nomao_seed_0_nrows_2000_nclasses_10_ncols_100_stratify_True,2000.0,101.0,2.0,0.0,0.0,,,0.3995801259622113,1,binary,medium,imbalanced,binary_medium_imbalanced
44712,44712,Amazon_employee_access_seed_4_nrows_2000_nclasses_10_ncols_100_stratify_True,2000.0,10.0,2.0,0.0,0.0,,,0.06157112526539278,1,binary,medium,imbalanced,binary_medium_imbalanced
44711,44711,Amazon_employee_access_seed_3_nrows_2000_nclasses_10_ncols_100_stratify_True,2000.0,10.0,2.0,0.0,0.0,,,0.06157112526539278,1,binary,medium,imbalanced,binary_medium_imbalanced
1020,1020,mfeat-karhunen,2000.0,65.0,2.0,0.0,0.0,,,0.1111111111111111,2,binary,medium,imbalanced,binary_medium_imbalanced
44563,44563,philippine_seed_0_nrows_2000_nclasses_10_ncols_100_stratify_True,2000.0,101.0,2.0,0.0,0.0,,,1.0,1,binary,medium,balanced,binary_medium_balanced
44561,44561,madeline_seed_3_nrows_2000_nclasses_10_ncols_100_stratify_True,2000.0,101.0,2.0,0.0,0.0,,,0.9880715705765407,1,binary,medium,balanced,binary_medium_balanced
44560,44560,madeline_seed_2_nrows_2000_nclasses_10_ncols_100_stratify_True,2000.0,101.0,2.0,0.0,0.0,,,0.9880715705765407,1,binary,medium,balanced,binary_medium_balanced
44558,44558,madeline_seed_0_nrows_2000_nclasses_10_ncols_100_stratify_True,2000.0,101.0,2.0,0.0,0.0,,,0.9880715705765407,1,binary,medium,balanced,binary_medium_balanced
44559,44559,madeline_seed_1_nrows_2000_nclasses_10_ncols_100_stratify_True,2000.0,101.0,2.0,0.0,0.0,,,0.9880715705765407,1,binary,medium,balanced,binary_medium_balanced
44552,44552,ozone-level-8hr_seed_4_nrows_2000_nclasses_10_ncols_100_stratify_True,2000.0,73.0,2.0,0.0,0.0,,,0.0672358591248666,1,binary,medium,imbalanced,binary_medium_imbalanced
44551,44551,ozone-level-8hr_seed_3_nrows_2000_nclasses_10_ncols_100_stratify_True,2000.0,73.0,2.0,0.0,0.0,,,0.0672358591248666,1,binary,medium,imbalanced,binary_medium_imbalanced
44550,44550,ozone-level-8hr_seed_2_nrows_2000_nclasses_10_ncols_100_stratify_True,2000.0,73.0,2.0,0.0,0.0,,,0.0672358591248666,1,binary,medium,imbalanced,binary_medium_imbalanced
44549,44549,ozone-level-8hr_seed_1_nrows_2000_nclasses_10_ncols_100_stratify_True,2000.0,73.0,2.0,0.0,0.0,,,0.0672358591248666,1,binary,medium,imbalanced,binary_medium_imbalanced
44547,44547,gina_seed_4_nrows_2000_nclasses_10_ncols_100_stratify_True,2000.0,101.0,2.0,0.0,0.0,,,0.9665683382497542,1,binary,medium,balanced,binary_medium_balanced
44548,44548,ozone-level-8hr_seed_0_nrows_2000_nclasses_10_ncols_100_stratify_True,2000.0,73.0,2.0,0.0,0.0,,,0.0672358591248666,1,binary,medium,imbalanced,binary_medium_imbalanced
995,995,mfeat-zernike,2000.0,48.0,2.0,0.0,0.0,,,0.1111111111111111,2,binary,medium,imbalanced,binary_medium_imbalanced
44736,44736,volkert_seed_3_nrows_2000_nclasses_10_ncols_100_stratify_True,2000.0,101.0,10.0,0.0,0.0,,,0.1070615034168565,1,8-10,medium,imbalanced,8-10_medium_imbalanced
44735,44735,volkert_seed_2_nrows_2000_nclasses_10_ncols_100_stratify_True,2000.0,101.0,10.0,0.0,0.0,,,0.1070615034168565,1,8-10,medium,imbalanced,8-10_medium_imbalanced
44734,44734,volkert_seed_1_nrows_2000_nclasses_10_ncols_100_stratify_True,2000.0,101.0,10.0,0.0,0.0,,,0.1070615034168565,1,8-10,medium,imbalanced,8-10_medium_imbalanced
44733,44733,volkert_seed_0_nrows_2000_nclasses_10_ncols_100_stratify_True,2000.0,101.0,10.0,0.0,0.0,,,0.1070615034168565,1,8-10,medium,imbalanced,8-10_medium_imbalanced
44727,44727,adult_seed_4_nrows_2000_nclasses_10_ncols_100_stratify_True,2000.0,15.0,2.0,253.0,0.008433333333333333,,,0.3149243918474688,1,binary,medium,imbalanced,binary_medium_imbalanced
44726,44726,adult_seed_3_nrows_2000_nclasses_10_ncols_100_stratify_True,2000.0,15.0,2.0,254.0,0.008466666666666667,,,0.3149243918474688,1,binary,medium,imbalanced,binary_medium_imbalanced
44725,44725,adult_seed_2_nrows_2000_nclasses_10_ncols_100_stratify_True,2000.0,15.0,2.0,279.0,0.0093,,,0.3149243918474688,1,binary,medium,imbalanced,binary_medium_imbalanced
44724,44724,adult_seed_1_nrows_2000_nclasses_10_ncols_100_stratify_True,2000.0,15.0,2.0,248.0,0.008266666666666667,,,0.3149243918474688,1,binary,medium,imbalanced,binary_medium_imbalanced
44723,44723,adult_seed_0_nrows_2000_nclasses_10_ncols_100_stratify_True,2000.0,15.0,2.0,242.0,0.008066666666666666,,,0.3149243918474688,1,binary,medium,imbalanced,binary_medium_imbalanced
44717,44717,nomao_seed_4_nrows_2000_nclasses_10_ncols_100_stratify_True,2000.0,101.0,2.0,0.0,0.0,,,0.3995801259622113,1,binary,medium,imbalanced,binary_medium_imbalanced
44545,44545,gina_seed_2_nrows_2000_nclasses_10_ncols_100_stratify_True,2000.0,101.0,2.0,0.0,0.0,,,0.9665683382497542,1,binary,medium,balanced,binary_medium_balanced
44532,44532,airlines_seed_4_nrows_2000_nclasses_10_ncols_100_stratify_True,2000.0,8.0,2.0,0.0,0.0,,,0.8034265103697025,1,binary,medium,balanced,binary_medium_balanced
44531,44531,airlines_seed_3_nrows_2000_nclasses_10_ncols_100_stratify_True,2000.0,8.0,2.0,0.0,0.0,,,0.8034265103697025,1,binary,medium,balanced,binary_medium_balanced
44530,44530,airlines_seed_2_nrows_2000_nclasses_10_ncols_100_stratify_True,2000.0,8.0,2.0,0.0,0.0,,,0.8034265103697025,1,binary,medium,balanced,binary_medium_balanced
44529,44529,airlines_seed_1_nrows_2000_nclasses_10_ncols_100_stratify_True,2000.0,8.0,2.0,0.0,0.0,,,0.8034265103697025,1,binary,medium,balanced,binary_medium_balanced
44527,44527,jasmine_seed_4_nrows_2000_nclasses_10_ncols_100_stratify_True,2000.0,101.0,2.0,0.0,0.0,,,1.0,1,binary,medium,balanced,binary_medium_balanced
44528,44528,airlines_seed_0_nrows_2000_nclasses_10_ncols_100_stratify_True,2000.0,8.0,2.0,0.0,0.0,,,0.8034265103697025,1,binary,medium,balanced,binary_medium_balanced
44526,44526,jasmine_seed_3_nrows_2000_nclasses_10_ncols_100_stratify_True,2000.0,101.0,2.0,0.0,0.0,,,1.0,1,binary,medium,balanced,binary_medium_balanced
44525,44525,jasmine_seed_2_nrows_2000_nclasses_10_ncols_100_stratify_True,2000.0,101.0,2.0,0.0,0.0,,,1.0,1,binary,medium,balanced,binary_medium_balanced
44524,44524,jasmine_seed_1_nrows_2000_nclasses_10_ncols_100_stratify_True,2000.0,101.0,2.0,0.0,0.0,,,1.0,1,binary,medium,balanced,binary_medium_balanced
44523,44523,jasmine_seed_0_nrows_2000_nclasses_10_ncols_100_stratify_True,2000.0,101.0,2.0,0.0,0.0,,,1.0,1,binary,medium,balanced,binary_medium_balanced
44522,44522,fabert_seed_4_nrows_2000_nclasses_10_ncols_100_stratify_True,2000.0,101.0,7.0,0.0,0.0,,,0.2606837606837607,1,5-7,medium,imbalanced,5-7_medium_imbalanced
44516,44516,dilbert_seed_3_nrows_2000_nclasses_10_ncols_100_stratify_True,2000.0,101.0,5.0,0.0,0.0,,,0.9317073170731708,1,5-7,medium,balanced,5-7_medium_balanced
44227,44227,South_Asian_Churn_dataset,2000.0,14.0,2.0,453.0,0.016178571428571428,,,1.0,1,binary,medium,balanced,binary_medium_balanced
44351,44351,credit_seed_3_nrows_2000_nclasses_10_ncols_100_stratify_True,2000.0,11.0,2.0,0.0,0.0,,,1.0,1,binary,medium,balanced,binary_medium_balanced
44350,44350,credit_seed_2_nrows_2000_nclasses_10_ncols_100_stratify_True,2000.0,11.0,2.0,0.0,0.0,,,1.0,1,binary,medium,balanced,binary_medium_balanced
44349,44349,credit_seed_1_nrows_2000_nclasses_10_ncols_100_stratify_True,2000.0,11.0,2.0,0.0,0.0,,,1.0,1,binary,medium,balanced,binary_medium_balanced
44348,44348,credit_seed_0_nrows_2000_nclasses_10_ncols_100_stratify_True,2000.0,11.0,2.0,0.0,0.0,,,1.0,2,binary,medium,balanced,binary_medium_balanced
44345,44345,credit,2000.0,11.0,2.0,0.0,0.0,,,1.0,3,binary,medium,balanced,binary_medium_balanced
44347,44347,credit_seed_0_nrows_2000_nclasses_10_ncols_100_stratify_True,2000.0,11.0,2.0,0.0,0.0,,,1.0,1,binary,medium,balanced,binary_medium_balanced
44346,44346,credit,2000.0,11.0,2.0,0.0,0.0,,,1.0,4,binary,medium,balanced,binary_medium_balanced
44367,44367,wine_seed_0_nrows_2000_nclasses_10_ncols_100_stratify_True,2000.0,12.0,2.0,0.0,0.0,,,1.0,1,binary,medium,balanced,binary_medium_balanced
44366,44366,california_seed_4_nrows_2000_nclasses_10_ncols_100_stratify_True,2000.0,9.0,2.0,0.0,0.0,,,1.0,1,binary,medium,balanced,binary_medium_balanced
44365,44365,california_seed_3_nrows_2000_nclasses_10_ncols_100_stratify_True,2000.0,9.0,2.0,0.0,0.0,,,1.0,1,binary,medium,balanced,binary_medium_balanced
44445,44445,covertype_seed_2_nrows_2000_nclasses_10_ncols_100_stratify_True,2000.0,55.0,2.0,0.0,0.0,,,1.0,2,binary,medium,balanced,binary_medium_balanced
44444,44444,covertype_seed_1_nrows_2000_nclasses_10_ncols_100_stratify_True,2000.0,55.0,2.0,0.0,0.0,,,1.0,2,binary,medium,balanced,binary_medium_balanced
44443,44443,covertype_seed_0_nrows_2000_nclasses_10_ncols_100_stratify_True,2000.0,55.0,2.0,0.0,0.0,,,1.0,2,binary,medium,balanced,binary_medium_balanced
44442,44442,eye_movements_seed_4_nrows_2000_nclasses_10_ncols_100_stratify_True,2000.0,24.0,2.0,0.0,0.0,,,1.0,2,binary,medium,balanced,binary_medium_balanced
44441,44441,eye_movements_seed_3_nrows_2000_nclasses_10_ncols_100_stratify_True,2000.0,24.0,2.0,0.0,0.0,,,1.0,2,binary,medium,balanced,binary_medium_balanced
44440,44440,eye_movements_seed_2_nrows_2000_nclasses_10_ncols_100_stratify_True,2000.0,24.0,2.0,0.0,0.0,,,1.0,2,binary,medium,balanced,binary_medium_balanced
44439,44439,eye_movements_seed_1_nrows_2000_nclasses_10_ncols_100_stratify_True,2000.0,24.0,2.0,0.0,0.0,,,1.0,2,binary,medium,balanced,binary_medium_balanced
44438,44438,eye_movements_seed_0_nrows_2000_nclasses_10_ncols_100_stratify_True,2000.0,24.0,2.0,0.0,0.0,,,1.0,2,binary,medium,balanced,binary_medium_balanced
44436,44436,electricity_seed_3_nrows_2000_nclasses_10_ncols_100_stratify_True,2000.0,9.0,2.0,0.0,0.0,,,1.0,2,binary,medium,balanced,binary_medium_balanced
44467,44467,KDDCup09_upselling_seed_4_nrows_2000_nclasses_10_ncols_100_stratify_True,2000.0,50.0,2.0,0.0,0.0,,,1.0,1,binary,medium,balanced,binary_medium_balanced
44466,44466,KDDCup09_upselling_seed_3_nrows_2000_nclasses_10_ncols_100_stratify_True,2000.0,50.0,2.0,0.0,0.0,,,1.0,1,binary,medium,balanced,binary_medium_balanced
44465,44465,KDDCup09_upselling_seed_2_nrows_2000_nclasses_10_ncols_100_stratify_True,2000.0,50.0,2.0,0.0,0.0,,,1.0,1,binary,medium,balanced,binary_medium_balanced
44464,44464,KDDCup09_upselling_seed_1_nrows_2000_nclasses_10_ncols_100_stratify_True,2000.0,50.0,2.0,0.0,0.0,,,1.0,1,binary,medium,balanced,binary_medium_balanced
44463,44463,KDDCup09_upselling_seed_0_nrows_2000_nclasses_10_ncols_100_stratify_True,2000.0,50.0,2.0,0.0,0.0,,,1.0,1,binary,medium,balanced,binary_medium_balanced
44462,44462,compass_seed_4_nrows_2000_nclasses_10_ncols_100_stratify_True,2000.0,18.0,2.0,0.0,0.0,,,1.0,1,binary,medium,balanced,binary_medium_balanced
44461,44461,compass_seed_3_nrows_2000_nclasses_10_ncols_100_stratify_True,2000.0,18.0,2.0,0.0,0.0,,,1.0,1,binary,medium,balanced,binary_medium_balanced
44362,44362,california_seed_0_nrows_2000_nclasses_10_ncols_100_stratify_True,2000.0,9.0,2.0,0.0,0.0,,,1.0,1,binary,medium,balanced,binary_medium_balanced
44363,44363,california_seed_1_nrows_2000_nclasses_10_ncols_100_stratify_True,2000.0,9.0,2.0,0.0,0.0,,,1.0,1,binary,medium,balanced,binary_medium_balanced
44364,44364,california_seed_2_nrows_2000_nclasses_10_ncols_100_stratify_True,2000.0,9.0,2.0,0.0,0.0,,,1.0,1,binary,medium,balanced,binary_medium_balanced
44519,44519,fabert_seed_1_nrows_2000_nclasses_10_ncols_100_stratify_True,2000.0,101.0,7.0,0.0,0.0,,,0.2606837606837607,1,5-7,medium,imbalanced,5-7_medium_imbalanced
44515,44515,dilbert_seed_2_nrows_2000_nclasses_10_ncols_100_stratify_True,2000.0,101.0,5.0,0.0,0.0,,,0.9317073170731708,1,5-7,medium,balanced,5-7_medium_balanced
44521,44521,fabert_seed_3_nrows_2000_nclasses_10_ncols_100_stratify_True,2000.0,101.0,7.0,0.0,0.0,,,0.2606837606837607,1,5-7,medium,imbalanced,5-7_medium_imbalanced
44520,44520,fabert_seed_2_nrows_2000_nclasses_10_ncols_100_stratify_True,2000.0,101.0,7.0,0.0,0.0,,,0.2606837606837607,1,5-7,medium,imbalanced,5-7_medium_imbalanced
44518,44518,fabert_seed_0_nrows_2000_nclasses_10_ncols_100_stratify_True,2000.0,101.0,7.0,0.0,0.0,,,0.2606837606837607,1,5-7,medium,imbalanced,5-7_medium_imbalanced
44517,44517,dilbert_seed_4_nrows_2000_nclasses_10_ncols_100_stratify_True,2000.0,101.0,5.0,0.0,0.0,,,0.9317073170731708,1,5-7,medium,balanced,5-7_medium_balanced
44514,44514,dilbert_seed_1_nrows_2000_nclasses_10_ncols_100_stratify_True,2000.0,101.0,5.0,0.0,0.0,,,0.9341463414634147,1,5-7,medium,balanced,5-7_medium_balanced
44513,44513,dilbert_seed_0_nrows_2000_nclasses_10_ncols_100_stratify_True,2000.0,101.0,5.0,0.0,0.0,,,0.9317073170731708,1,5-7,medium,balanced,5-7_medium_balanced
44546,44546,gina_seed_3_nrows_2000_nclasses_10_ncols_100_stratify_True,2000.0,101.0,2.0,0.0,0.0,,,0.9665683382497542,1,binary,medium,balanced,binary_medium_balanced
44543,44543,gina_seed_0_nrows_2000_nclasses_10_ncols_100_stratify_True,2000.0,101.0,2.0,0.0,0.0,,,0.9665683382497542,1,binary,medium,balanced,binary_medium_balanced
44544,44544,gina_seed_1_nrows_2000_nclasses_10_ncols_100_stratify_True,2000.0,101.0,2.0,0.0,0.0,,,0.9665683382497542,1,binary,medium,balanced,binary_medium_balanced
44361,44361,credit_seed_4_nrows_2000_nclasses_10_ncols_100_stratify_True,2000.0,11.0,2.0,0.0,0.0,,,1.0,2,binary,medium,balanced,binary_medium_balanced
44360,44360,credit_seed_3_nrows_2000_nclasses_10_ncols_100_stratify_True,2000.0,11.0,2.0,0.0,0.0,,,1.0,3,binary,medium,balanced,binary_medium_balanced
44359,44359,credit_seed_2_nrows_2000_nclasses_10_ncols_100_stratify_True,2000.0,11.0,2.0,0.0,0.0,,,1.0,3,binary,medium,balanced,binary_medium_balanced
44358,44358,credit_seed_1_nrows_2000_nclasses_10_ncols_100_stratify_True,2000.0,11.0,2.0,0.0,0.0,,,1.0,3,binary,medium,balanced,binary_medium_balanced
44357,44357,credit_seed_0_nrows_2000_nclasses_10_ncols_100_stratify_True,2000.0,11.0,2.0,0.0,0.0,,,1.0,4,binary,medium,balanced,binary_medium_balanced
44353,44353,credit_seed_0_nrows_2000_nclasses_10_ncols_100_stratify_True,2000.0,11.0,2.0,0.0,0.0,,,1.0,3,binary,medium,balanced,binary_medium_balanced
44355,44355,credit_seed_2_nrows_2000_nclasses_10_ncols_100_stratify_True,2000.0,11.0,2.0,0.0,0.0,,,1.0,2,binary,medium,balanced,binary_medium_balanced
44356,44356,credit_seed_3_nrows_2000_nclasses_10_ncols_100_stratify_True,2000.0,11.0,2.0,0.0,0.0,,,1.0,2,binary,medium,balanced,binary_medium_balanced
44354,44354,credit_seed_1_nrows_2000_nclasses_10_ncols_100_stratify_True,2000.0,11.0,2.0,0.0,0.0,,,1.0,2,binary,medium,balanced,binary_medium_balanced
44352,44352,credit_seed_4_nrows_2000_nclasses_10_ncols_100_stratify_True,2000.0,11.0,2.0,0.0,0.0,,,1.0,1,binary,medium,balanced,binary_medium_balanced
44382,44382,pol_seed_0_nrows_2000_nclasses_10_ncols_100_stratify_True,2000.0,27.0,2.0,0.0,0.0,,,1.0,1,binary,medium,balanced,binary_medium_balanced
44383,44383,pol_seed_1_nrows_2000_nclasses_10_ncols_100_stratify_True,2000.0,27.0,2.0,0.0,0.0,,,1.0,1,binary,medium,balanced,binary_medium_balanced
44381,44381,covertype_seed_4_nrows_2000_nclasses_10_ncols_100_stratify_True,2000.0,11.0,2.0,0.0,0.0,,,1.0,1,binary,medium,balanced,binary_medium_balanced
44380,44380,covertype_seed_3_nrows_2000_nclasses_10_ncols_100_stratify_True,2000.0,11.0,2.0,0.0,0.0,,,1.0,1,binary,medium,balanced,binary_medium_balanced
44379,44379,covertype_seed_2_nrows_2000_nclasses_10_ncols_100_stratify_True,2000.0,11.0,2.0,0.0,0.0,,,1.0,1,binary,medium,balanced,binary_medium_balanced
44378,44378,covertype_seed_1_nrows_2000_nclasses_10_ncols_100_stratify_True,2000.0,11.0,2.0,0.0,0.0,,,1.0,1,binary,medium,balanced,binary_medium_balanced
44377,44377,covertype_seed_0_nrows_2000_nclasses_10_ncols_100_stratify_True,2000.0,11.0,2.0,0.0,0.0,,,1.0,1,binary,medium,balanced,binary_medium_balanced
44376,44376,electricity_seed_4_nrows_2000_nclasses_10_ncols_100_stratify_True,2000.0,8.0,2.0,0.0,0.0,,,1.0,1,binary,medium,balanced,binary_medium_balanced
44375,44375,electricity_seed_3_nrows_2000_nclasses_10_ncols_100_stratify_True,2000.0,8.0,2.0,0.0,0.0,,,1.0,1,binary,medium,balanced,binary_medium_balanced
44374,44374,electricity_seed_2_nrows_2000_nclasses_10_ncols_100_stratify_True,2000.0,8.0,2.0,0.0,0.0,,,1.0,1,binary,medium,balanced,binary_medium_balanced
44372,44372,electricity_seed_0_nrows_2000_nclasses_10_ncols_100_stratify_True,2000.0,8.0,2.0,0.0,0.0,,,1.0,1,binary,medium,balanced,binary_medium_balanced
44373,44373,electricity_seed_1_nrows_2000_nclasses_10_ncols_100_stratify_True,2000.0,8.0,2.0,0.0,0.0,,,1.0,1,binary,medium,balanced,binary_medium_balanced
44371,44371,wine_seed_4_nrows_2000_nclasses_10_ncols_100_stratify_True,2000.0,12.0,2.0,0.0,0.0,,,1.0,1,binary,medium,balanced,binary_medium_balanced
44370,44370,wine_seed_3_nrows_2000_nclasses_10_ncols_100_stratify_True,2000.0,12.0,2.0,0.0,0.0,,,1.0,1,binary,medium,balanced,binary_medium_balanced
44369,44369,wine_seed_2_nrows_2000_nclasses_10_ncols_100_stratify_True,2000.0,12.0,2.0,0.0,0.0,,,1.0,1,binary,medium,balanced,binary_medium_balanced
44368,44368,wine_seed_1_nrows_2000_nclasses_10_ncols_100_stratify_True,2000.0,12.0,2.0,0.0,0.0,,,1.0,1,binary,medium,balanced,binary_medium_balanced
44399,44399,MagicTelescope_seed_2_nrows_2000_nclasses_10_ncols_100_stratify_True,2000.0,11.0,2.0,0.0,0.0,,,1.0,1,binary,medium,balanced,binary_medium_balanced
44398,44398,MagicTelescope_seed_1_nrows_2000_nclasses_10_ncols_100_stratify_True,2000.0,11.0,2.0,0.0,0.0,,,1.0,1,binary,medium,balanced,binary_medium_balanced
44397,44397,MagicTelescope_seed_0_nrows_2000_nclasses_10_ncols_100_stratify_True,2000.0,11.0,2.0,0.0,0.0,,,1.0,1,binary,medium,balanced,binary_medium_balanced
44396,44396,kdd_ipums_la_97-small_seed_4_nrows_2000_nclasses_10_ncols_100_stratify_True,2000.0,21.0,2.0,0.0,0.0,,,1.0,1,binary,medium,balanced,binary_medium_balanced
44395,44395,kdd_ipums_la_97-small_seed_3_nrows_2000_nclasses_10_ncols_100_stratify_True,2000.0,21.0,2.0,0.0,0.0,,,1.0,1,binary,medium,balanced,binary_medium_balanced
44394,44394,kdd_ipums_la_97-small_seed_2_nrows_2000_nclasses_10_ncols_100_stratify_True,2000.0,21.0,2.0,0.0,0.0,,,1.0,1,binary,medium,balanced,binary_medium_balanced
44393,44393,kdd_ipums_la_97-small_seed_1_nrows_2000_nclasses_10_ncols_100_stratify_True,2000.0,21.0,2.0,0.0,0.0,,,1.0,1,binary,medium,balanced,binary_medium_balanced
44392,44392,kdd_ipums_la_97-small_seed_0_nrows_2000_nclasses_10_ncols_100_stratify_True,2000.0,21.0,2.0,0.0,0.0,,,1.0,1,binary,medium,balanced,binary_medium_balanced
44390,44390,house_16H_seed_3_nrows_2000_nclasses_10_ncols_100_stratify_True,2000.0,17.0,2.0,0.0,0.0,,,1.0,1,binary,medium,balanced,binary_medium_balanced
44391,44391,house_16H_seed_4_nrows_2000_nclasses_10_ncols_100_stratify_True,2000.0,17.0,2.0,0.0,0.0,,,1.0,1,binary,medium,balanced,binary_medium_balanced
44389,44389,house_16H_seed_2_nrows_2000_nclasses_10_ncols_100_stratify_True,2000.0,17.0,2.0,0.0,0.0,,,1.0,1,binary,medium,balanced,binary_medium_balanced
44388,44388,house_16H_seed_1_nrows_2000_nclasses_10_ncols_100_stratify_True,2000.0,17.0,2.0,0.0,0.0,,,1.0,1,binary,medium,balanced,binary_medium_balanced
44387,44387,house_16H_seed_0_nrows_2000_nclasses_10_ncols_100_stratify_True,2000.0,17.0,2.0,0.0,0.0,,,1.0,1,binary,medium,balanced,binary_medium_balanced
44386,44386,pol_seed_4_nrows_2000_nclasses_10_ncols_100_stratify_True,2000.0,27.0,2.0,0.0,0.0,,,1.0,1,binary,medium,balanced,binary_medium_balanced
44385,44385,pol_seed_3_nrows_2000_nclasses_10_ncols_100_stratify_True,2000.0,27.0,2.0,0.0,0.0,,,1.0,1,binary,medium,balanced,binary_medium_balanced
44384,44384,pol_seed_2_nrows_2000_nclasses_10_ncols_100_stratify_True,2000.0,27.0,2.0,0.0,0.0,,,1.0,1,binary,medium,balanced,binary_medium_balanced
44421,44421,Higgs_seed_4_nrows_2000_nclasses_10_ncols_100_stratify_True,2000.0,25.0,2.0,0.0,0.0,,,1.0,1,binary,medium,balanced,binary_medium_balanced
44420,44420,Higgs_seed_3_nrows_2000_nclasses_10_ncols_100_stratify_True,2000.0,25.0,2.0,0.0,0.0,,,1.0,1,binary,medium,balanced,binary_medium_balanced
44418,44418,Higgs_seed_1_nrows_2000_nclasses_10_ncols_100_stratify_True,2000.0,25.0,2.0,0.0,0.0,,,1.0,1,binary,medium,balanced,binary_medium_balanced
44417,44417,Higgs_seed_0_nrows_2000_nclasses_10_ncols_100_stratify_True,2000.0,25.0,2.0,0.0,0.0,,,1.0,1,binary,medium,balanced,binary_medium_balanced
44416,44416,MiniBooNE_seed_4_nrows_2000_nclasses_10_ncols_100_stratify_True,2000.0,51.0,2.0,0.0,0.0,,,1.0,1,binary,medium,balanced,binary_medium_balanced
44415,44415,MiniBooNE_seed_3_nrows_2000_nclasses_10_ncols_100_stratify_True,2000.0,51.0,2.0,0.0,0.0,,,1.0,1,binary,medium,balanced,binary_medium_balanced
44414,44414,MiniBooNE_seed_2_nrows_2000_nclasses_10_ncols_100_stratify_True,2000.0,51.0,2.0,0.0,0.0,,,1.0,1,binary,medium,balanced,binary_medium_balanced
44413,44413,MiniBooNE_seed_1_nrows_2000_nclasses_10_ncols_100_stratify_True,2000.0,51.0,2.0,0.0,0.0,,,1.0,1,binary,medium,balanced,binary_medium_balanced
44412,44412,MiniBooNE_seed_0_nrows_2000_nclasses_10_ncols_100_stratify_True,2000.0,51.0,2.0,0.0,0.0,,,1.0,1,binary,medium,balanced,binary_medium_balanced
44406,44406,bank-marketing_seed_4_nrows_2000_nclasses_10_ncols_100_stratify_True,2000.0,8.0,2.0,0.0,0.0,,,1.0,1,binary,medium,balanced,binary_medium_balanced
44405,44405,bank-marketing_seed_3_nrows_2000_nclasses_10_ncols_100_stratify_True,2000.0,8.0,2.0,0.0,0.0,,,1.0,1,binary,medium,balanced,binary_medium_balanced
44404,44404,bank-marketing_seed_2_nrows_2000_nclasses_10_ncols_100_stratify_True,2000.0,8.0,2.0,0.0,0.0,,,1.0,1,binary,medium,balanced,binary_medium_balanced
44403,44403,bank-marketing_seed_1_nrows_2000_nclasses_10_ncols_100_stratify_True,2000.0,8.0,2.0,0.0,0.0,,,1.0,1,binary,medium,balanced,binary_medium_balanced
44402,44402,bank-marketing_seed_0_nrows_2000_nclasses_10_ncols_100_stratify_True,2000.0,8.0,2.0,0.0,0.0,,,1.0,1,binary,medium,balanced,binary_medium_balanced
44401,44401,MagicTelescope_seed_4_nrows_2000_nclasses_10_ncols_100_stratify_True,2000.0,11.0,2.0,0.0,0.0,,,1.0,1,binary,medium,balanced,binary_medium_balanced
44400,44400,MagicTelescope_seed_3_nrows_2000_nclasses_10_ncols_100_stratify_True,2000.0,11.0,2.0,0.0,0.0,,,1.0,1,binary,medium,balanced,binary_medium_balanced
44437,44437,electricity_seed_4_nrows_2000_nclasses_10_ncols_100_stratify_True,2000.0,9.0,2.0,0.0,0.0,,,1.0,2,binary,medium,balanced,binary_medium_balanced
44435,44435,electricity_seed_2_nrows_2000_nclasses_10_ncols_100_stratify_True,2000.0,9.0,2.0,0.0,0.0,,,1.0,2,binary,medium,balanced,binary_medium_balanced
44434,44434,electricity_seed_1_nrows_2000_nclasses_10_ncols_100_stratify_True,2000.0,9.0,2.0,0.0,0.0,,,1.0,2,binary,medium,balanced,binary_medium_balanced
44433,44433,electricity_seed_0_nrows_2000_nclasses_10_ncols_100_stratify_True,2000.0,9.0,2.0,0.0,0.0,,,1.0,2,binary,medium,balanced,binary_medium_balanced
44432,44432,jannis_seed_4_nrows_2000_nclasses_10_ncols_100_stratify_True,2000.0,55.0,2.0,0.0,0.0,,,1.0,1,binary,medium,balanced,binary_medium_balanced
44430,44430,jannis_seed_2_nrows_2000_nclasses_10_ncols_100_stratify_True,2000.0,55.0,2.0,0.0,0.0,,,1.0,1,binary,medium,balanced,binary_medium_balanced
44431,44431,jannis_seed_3_nrows_2000_nclasses_10_ncols_100_stratify_True,2000.0,55.0,2.0,0.0,0.0,,,1.0,1,binary,medium,balanced,binary_medium_balanced
44429,44429,jannis_seed_1_nrows_2000_nclasses_10_ncols_100_stratify_True,2000.0,55.0,2.0,0.0,0.0,,,1.0,1,binary,medium,balanced,binary_medium_balanced
44427,44427,eye_movements_seed_4_nrows_2000_nclasses_10_ncols_100_stratify_True,2000.0,21.0,2.0,0.0,0.0,,,1.0,1,binary,medium,balanced,binary_medium_balanced
44428,44428,jannis_seed_0_nrows_2000_nclasses_10_ncols_100_stratify_True,2000.0,55.0,2.0,0.0,0.0,,,1.0,1,binary,medium,balanced,binary_medium_balanced
44426,44426,eye_movements_seed_3_nrows_2000_nclasses_10_ncols_100_stratify_True,2000.0,21.0,2.0,0.0,0.0,,,1.0,1,binary,medium,balanced,binary_medium_balanced
44425,44425,eye_movements_seed_2_nrows_2000_nclasses_10_ncols_100_stratify_True,2000.0,21.0,2.0,0.0,0.0,,,1.0,1,binary,medium,balanced,binary_medium_balanced
44424,44424,eye_movements_seed_1_nrows_2000_nclasses_10_ncols_100_stratify_True,2000.0,21.0,2.0,0.0,0.0,,,1.0,1,binary,medium,balanced,binary_medium_balanced
44423,44423,eye_movements_seed_0_nrows_2000_nclasses_10_ncols_100_stratify_True,2000.0,21.0,2.0,0.0,0.0,,,1.0,1,binary,medium,balanced,binary_medium_balanced
44422,44422,Higgs_seed_4_nrows_2000_nclasses_10_ncols_100_stratify_True,2000.0,25.0,2.0,0.0,0.0,,,1.0,2,binary,medium,balanced,binary_medium_balanced
44419,44419,Higgs_seed_2_nrows_2000_nclasses_10_ncols_100_stratify_True,2000.0,25.0,2.0,0.0,0.0,,,1.0,1,binary,medium,balanced,binary_medium_balanced
44452,44452,rl_seed_4_nrows_2000_nclasses_10_ncols_100_stratify_True,2000.0,13.0,2.0,0.0,0.0,,,1.0,1,binary,medium,balanced,binary_medium_balanced
44451,44451,rl_seed_3_nrows_2000_nclasses_10_ncols_100_stratify_True,2000.0,13.0,2.0,0.0,0.0,,,1.0,1,binary,medium,balanced,binary_medium_balanced
44450,44450,rl_seed_2_nrows_2000_nclasses_10_ncols_100_stratify_True,2000.0,13.0,2.0,0.0,0.0,,,1.0,1,binary,medium,balanced,binary_medium_balanced
44449,44449,rl_seed_1_nrows_2000_nclasses_10_ncols_100_stratify_True,2000.0,13.0,2.0,0.0,0.0,,,1.0,1,binary,medium,balanced,binary_medium_balanced
44448,44448,rl_seed_0_nrows_2000_nclasses_10_ncols_100_stratify_True,2000.0,13.0,2.0,0.0,0.0,,,1.0,1,binary,medium,balanced,binary_medium_balanced
44447,44447,covertype_seed_4_nrows_2000_nclasses_10_ncols_100_stratify_True,2000.0,55.0,2.0,0.0,0.0,,,1.0,2,binary,medium,balanced,binary_medium_balanced
44446,44446,covertype_seed_3_nrows_2000_nclasses_10_ncols_100_stratify_True,2000.0,55.0,2.0,0.0,0.0,,,1.0,2,binary,medium,balanced,binary_medium_balanced
44682,44682,sylvine_seed_4_nrows_2000_nclasses_10_ncols_100_stratify_True,2000.0,21.0,2.0,0.0,0.0,,,1.0,1,binary,medium,balanced,binary_medium_balanced
44681,44681,sylvine_seed_3_nrows_2000_nclasses_10_ncols_100_stratify_True,2000.0,21.0,2.0,0.0,0.0,,,1.0,1,binary,medium,balanced,binary_medium_balanced
44680,44680,sylvine_seed_2_nrows_2000_nclasses_10_ncols_100_stratify_True,2000.0,21.0,2.0,0.0,0.0,,,1.0,1,binary,medium,balanced,binary_medium_balanced
44679,44679,sylvine_seed_1_nrows_2000_nclasses_10_ncols_100_stratify_True,2000.0,21.0,2.0,0.0,0.0,,,1.0,1,binary,medium,balanced,binary_medium_balanced
44678,44678,sylvine_seed_0_nrows_2000_nclasses_10_ncols_100_stratify_True,2000.0,21.0,2.0,0.0,0.0,,,1.0,1,binary,medium,balanced,binary_medium_balanced
44455,44455,road-safety_seed_2_nrows_2000_nclasses_10_ncols_100_stratify_True,2000.0,33.0,2.0,0.0,0.0,,,1.0,1,binary,medium,balanced,binary_medium_balanced
44454,44454,road-safety_seed_1_nrows_2000_nclasses_10_ncols_100_stratify_True,2000.0,33.0,2.0,0.0,0.0,,,1.0,1,binary,medium,balanced,binary_medium_balanced
46529,46529,Corporate_Credit_Rating_Classification,2029.0,31.0,10.0,0.0,0.0,,,0.0014903129657228018,2,8-10,medium,imbalanced,8-10_medium_imbalanced
46530,46530,Corporate_Credit_Rating_Classification,2029.0,31.0,10.0,0.0,0.0,,,0.0014903129657228018,3,8-10,medium,imbalanced,8-10_medium_imbalanced
46569,46569,Corporate_Credit_Rating,2029.0,46.0,10.0,0.0,0.0,,,0.0014903129657228018,1,8-10,medium,imbalanced,8-10_medium_imbalanced
46551,46551,Corporate_Credit,2029.0,31.0,10.0,0.0,0.0,,,0.0014903129657228018,3,8-10,medium,imbalanced,8-10_medium_imbalanced
46550,46550,Corporate_Credit,2029.0,31.0,10.0,0.0,0.0,,,0.0014903129657228018,2,8-10,medium,imbalanced,8-10_medium_imbalanced
46552,46552,Corporate_Credit_Rating_Classification,2029.0,31.0,10.0,0.0,0.0,,,0.0014903129657228018,4,8-10,medium,imbalanced,8-10_medium_imbalanced
46525,46525,Corporate_Credit_Rating_Classification,2029.0,42.0,10.0,0.0,0.0,,,0.0014903129657228018,1,8-10,medium,imbalanced,8-10_medium_imbalanced
46571,46571,Corporate_Credit_Ratings,2029.0,46.0,10.0,0.0,0.0,,,0.0014903129657228018,2,8-10,medium,imbalanced,8-10_medium_imbalanced
46570,46570,Corporate_Credit_Ratings,2029.0,46.0,10.0,0.0,0.0,,,0.0014903129657228018,1,8-10,medium,imbalanced,8-10_medium_imbalanced
46549,46549,Corporate_Credit,2029.0,31.0,10.0,0.0,0.0,,,0.0014903129657228018,1,8-10,medium,imbalanced,8-10_medium_imbalanced
1067,1067,kc1,2109.0,22.0,2.0,0.0,0.0,,,0.18283791362871565,1,binary,medium,imbalanced,binary_medium_imbalanced
46840,46840,Estimation_of_Obesity_Levels,2111.0,17.0,7.0,0.0,0.0,,,0.7749287749287749,2,5-7,medium,balanced,5-7_medium_balanced
46597,46597,Estimation_of_Obesity_Levels,2111.0,17.0,7.0,0.0,0.0,,,0.7749287749287749,1,5-7,medium,balanced,5-7_medium_balanced
46863,46863,Fetal_cardiotocography_dataset,2126.0,37.0,10.0,0.0,0.0,,,0.09153713298791019,3,8-10,medium,imbalanced,8-10_medium_imbalanced
1466,1466,cardiotocography,2126.0,36.0,10.0,0.0,0.0,,,0.09153713298791019,1,8-10,medium,imbalanced,8-10_medium_imbalanced
1560,1560,cardiotocography,2126.0,36.0,3.0,0.0,0.0,,,0.10634441087613293,2,3-4,medium,imbalanced,3-4_medium_imbalanced
46940,46940,Marketing_Campaign,2240.0,26.0,2.0,24.0,0.0004120879120879121,,,0.17523609653725078,1,binary,medium,imbalanced,binary_medium_imbalanced
40984,40984,segment,2310.0,20.0,7.0,0.0,0.0,,,1.0,3,5-7,medium,balanced,5-7_medium_balanced
958,958,segment,2310.0,20.0,2.0,0.0,0.0,,,0.16666666666666666,2,binary,medium,imbalanced,binary_medium_imbalanced
36,36,segment,2310.0,20.0,7.0,0.0,0.0,,,1.0,1,5-7,medium,balanced,5-7_medium_balanced
40999,40999,jungle_chess_2pcs_endgame_elephant_elephant,2351.0,47.0,2.0,0.0,0.0,,,0.7864741641337386,1,binary,medium,balanced,binary_medium_balanced
41007,41007,jungle_chess_2pcs_endgame_lion_lion,2352.0,47.0,2.0,0.0,0.0,,,0.6764076977904491,1,binary,medium,balanced,binary_medium_balanced
45968,45968,BraidFlowSessionLevel,2364.0,124.0,3.0,0.0,0.0,,,0.4602076124567474,1,3-4,medium,imbalanced,3-4_medium_imbalanced
46930,46930,hazelnut-spread-contaminant-detection,2400.0,31.0,2.0,0.0,0.0,,,1.0,1,binary,medium,balanced,binary_medium_balanced
316,316,yeast_ml8,2417.0,117.0,2.0,0.0,0.0,,,0.014267729752412925,1,binary,medium,imbalanced,binary_medium_imbalanced
42805,42805,Midwest_survey,2494.0,28.0,9.0,99.0,0.0014176881658838356,,,0.12401055408970976,17,8-10,medium,imbalanced,8-10_medium_imbalanced
1548,1548,autoUniv-au4-2500,2500.0,101.0,3.0,0.0,0.0,,,0.16709292412617222,1,3-4,medium,imbalanced,3-4_medium_imbalanced
46951,46951,Pumpkin_Seeds,2500.0,13.0,2.0,0.0,0.0,,,0.9230769230769231,1,binary,medium,balanced,binary_medium_balanced
46566,46566,Apple_Stock_Price_Trends,2516.0,23.0,3.0,0.0,0.0,,,0.8191377497371188,1,3-4,medium,balanced,3-4_medium_balanced
46420,46420,Apple_Stock_Price_Trends_(2014-2023),2516.0,19.0,3.0,0.0,0.0,,,0.8191377497371188,1,3-4,medium,balanced,3-4_medium_balanced
46564,46564,Apple_Stock_Price_Trends_Classification,2516.0,23.0,3.0,0.0,0.0,,,0.8191377497371188,3,3-4,medium,balanced,3-4_medium_balanced
46435,46435,Apple_Stock_Price_Trends_Classification,2516.0,23.0,3.0,0.0,0.0,,,0.8191377497371188,2,3-4,medium,balanced,3-4_medium_balanced
1487,1487,ozone-level-8hr,2534.0,73.0,2.0,0.0,0.0,,,0.06739679865206402,1,binary,medium,imbalanced,binary_medium_imbalanced
43980,43980,wine,2554.0,12.0,2.0,0.0,0.0,,,1.0,7,binary,medium,balanced,binary_medium_balanced
44091,44091,wine,2554.0,12.0,2.0,0.0,0.0,,,1.0,8,binary,medium,balanced,binary_medium_balanced
45562,45562,seismic-bumps,2584.0,19.0,2.0,0.0,0.0,,,0.07042253521126761,3,binary,medium,imbalanced,binary_medium_imbalanced
46956,46956,seismic-bumps,2584.0,16.0,2.0,0.0,0.0,,,0.07042253521126761,4,binary,medium,imbalanced,binary_medium_imbalanced
42768,42768,Midwest_survey,2778.0,28.0,10.0,1737.0,0.022331070657204567,,,0.12401055408970976,15,8-10,medium,imbalanced,8-10_medium_imbalanced
42804,42804,Midwest_survey,2778.0,28.0,10.0,1737.0,0.022331070657204567,,,0.12401055408970976,16,8-10,medium,imbalanced,8-10_medium_imbalanced
40475,40475,thyroid-allhyper,2800.0,27.0,5.0,0.0,0.0,,,0.018995098039215685,1,5-7,medium,imbalanced,5-7_medium_imbalanced
40476,40476,thyroid-allhypo,2800.0,27.0,5.0,0.0,0.0,,,0.018995098039215685,1,5-7,medium,imbalanced,5-7_medium_imbalanced
40477,40477,thyroid-allrep,2800.0,27.0,5.0,0.0,0.0,,,0.018995098039215685,1,5-7,medium,imbalanced,5-7_medium_imbalanced
40474,40474,thyroid-allbp,2800.0,27.0,5.0,0.0,0.0,,,0.018995098039215685,1,5-7,medium,imbalanced,5-7_medium_imbalanced
40478,40478,thyroid-dis,2800.0,27.0,5.0,0.0,0.0,,,0.018995098039215685,1,5-7,medium,imbalanced,5-7_medium_imbalanced
41143,41143,jasmine,2984.0,145.0,2.0,0.0,0.0,,,1.0,1,binary,medium,balanced,binary_medium_balanced
45059,45059,sick,3103.0,23.0,2.0,0.0,0.0,,,0.07444598337950138,2,binary,medium,imbalanced,binary_medium_imbalanced
40670,40670,dna,3186.0,181.0,3.0,0.0,0.0,,,0.4625151148730351,1,3-4,medium,imbalanced,3-4_medium_imbalanced
46958,46958,splice,3190.0,61.0,3.0,0.0,0.0,,,0.4634441087613293,4,3-4,medium,imbalanced,3-4_medium_imbalanced
46,46,splice,3190.0,61.0,3.0,0.0,0.0,,,0.4634441087613293,1,3-4,medium,imbalanced,3-4_medium_imbalanced
953,953,splice,3190.0,61.0,2.0,0.0,0.0,,,0.9274924471299094,2,binary,medium,balanced,binary_medium_balanced
3,3,kr-vs-kp,3196.0,37.0,2.0,0.0,0.0,,,0.9149191132414619,1,binary,medium,balanced,binary_medium_balanced
40678,40678,led7,3200.0,8.0,10.0,0.0,0.0,,,0.7917888563049853,1,8-10,medium,balanced,8-10_medium_balanced
40677,40677,led24,3200.0,25.0,10.0,0.0,0.0,,,0.8783382789317508,1,8-10,medium,balanced,8-10_medium_balanced
44232,44232,UCI_churn,3333.0,21.0,2.0,0.0,0.0,,,0.1694736842105263,1,binary,medium,imbalanced,binary_medium_imbalanced
46764,46764,football-player-position,3611.0,12.0,4.0,0.0,0.0,,,0.21863117870722434,2,3-4,medium,imbalanced,3-4_medium_imbalanced
41005,41005,jungle_chess_2pcs_endgame_rat_rat,3660.0,47.0,2.0,0.0,0.0,,,0.781021897810219,1,binary,medium,balanced,binary_medium_balanced
40708,40708,allrep,3772.0,30.0,4.0,0.0,0.0,,,0.00932017543859649,1,3-4,medium,imbalanced,3-4_medium_imbalanced
40713,40713,dis,3772.0,30.0,2.0,0.0,0.0,,,0.015616585891222402,1,binary,medium,imbalanced,binary_medium_imbalanced
40497,40497,thyroid-ann,3772.0,22.0,3.0,0.0,0.0,,,0.026662844036697247,1,3-4,medium,imbalanced,3-4_medium_imbalanced
40707,40707,allbp,3772.0,30.0,3.0,0.0,0.0,,,0.0038791909116098642,1,3-4,medium,imbalanced,3-4_medium_imbalanced
41946,41946,Sick_numeric,3772.0,30.0,2.0,0.0,0.0,,,0.06523580909347641,2,binary,medium,imbalanced,binary_medium_imbalanced
728,728,analcatdata_supreme,4052.0,8.0,2.0,0.0,0.0,,,0.3151574164232392,2,binary,medium,imbalanced,binary_medium_imbalanced
41156,41156,ada,4147.0,49.0,2.0,0.0,0.0,,,0.3300192431045542,1,binary,medium,imbalanced,binary_medium_imbalanced
720,720,abalone,4177.0,9.0,2.0,0.0,0.0,,,0.9928435114503816,2,binary,medium,balanced,binary_medium_balanced
1557,1557,abalone,4177.0,9.0,3.0,0.0,0.0,,,0.9143054595715273,3,3-4,medium,balanced,3-4_medium_balanced
43925,43925,eucalyptus,4331.0,8.0,4.0,0.0,0.0,,,0.11714156490275893,4,3-4,medium,imbalanced,3-4_medium_imbalanced
46960,46960,students_dropout_and_academic_success,4424.0,37.0,3.0,0.0,0.0,,,0.3594386600271616,1,3-4,medium,imbalanced,3-4_medium_imbalanced
1558,1558,bank-marketing,4521.0,17.0,2.0,0.0,0.0,,,0.13025,2,binary,medium,imbalanced,binary_medium_imbalanced
1037,1037,ada_prior,4562.0,15.0,2.0,88.0,0.0012859856787958497,,,0.33002915451895043,1,binary,medium,imbalanced,binary_medium_imbalanced
44095,44095,spambase_reproduced,4601.0,58.0,2.0,0.0,0.0,,,0.650286944045911,1,binary,medium,balanced,binary_medium_balanced
44,44,spambase,4601.0,58.0,2.0,0.0,0.0,,,0.650286944045911,1,binary,medium,balanced,binary_medium_balanced
46925,46925,Employee,4653.0,9.0,2.0,0.0,0.0,,,0.5240746806419915,2,binary,medium,balanced,binary_medium_balanced
41004,41004,jungle_chess_2pcs_endgame_lion_elephant,4704.0,47.0,3.0,0.0,0.0,,,0.5848965848965849,1,3-4,medium,balanced,3-4_medium_balanced
40997,40997,jungle_chess_2pcs_endgame_panther_lion,4704.0,47.0,3.0,0.0,0.0,,,0.05747126436781609,1,3-4,medium,imbalanced,3-4_medium_imbalanced
41000,41000,jungle_chess_2pcs_endgame_panther_elephant,4704.0,47.0,3.0,0.0,0.0,,,0.0781563126252505,1,3-4,medium,imbalanced,3-4_medium_imbalanced
40998,40998,jungle_chess_2pcs_endgame_panther_lion,4704.0,47.0,3.0,0.0,0.0,,,0.05747126436781609,2,3-4,medium,imbalanced,3-4_medium_imbalanced
40498,40498,wine-quality-white,4898.0,12.0,7.0,0.0,0.0,,,0.0022747952684258415,1,5-7,medium,imbalanced,5-7_medium_imbalanced
43892,43892,national-longitudinal-survey-binary,4908.0,17.0,2.0,0.0,0.0,,,0.6065466448445171,1,binary,medium,balanced,binary_medium_balanced
45039,45039,compas-two-years,4966.0,12.0,2.0,0.0,0.0,,,1.0,5,binary,medium,balanced,binary_medium_balanced
44160,44160,rl,4970.0,13.0,2.0,0.0,0.0,,,1.0,4,binary,medium,balanced,binary_medium_balanced
43949,43949,rl,4970.0,13.0,2.0,0.0,0.0,,,1.0,2,binary,medium,balanced,binary_medium_balanced
44037,44037,rl,4970.0,13.0,2.0,0.0,0.0,,,1.0,3,binary,medium,balanced,binary_medium_balanced
979,979,waveform-5000,5000.0,41.0,2.0,0.0,0.0,,,0.5114873035066505,2,binary,medium,balanced,binary_medium_balanced
60,60,waveform-5000,5000.0,41.0,3.0,0.0,0.0,,,0.9769503546099291,1,3-4,medium,balanced,3-4_medium_balanced
40701,40701,churn,5000.0,21.0,2.0,0.0,0.0,,,0.16468669927789426,1,binary,medium,imbalanced,binary_medium_imbalanced
46372,46372,Multiclass_Classification_for_Corporate_Credit_Ratings,5000.0,8.0,10.0,0.0,0.0,,,1.0,1,8-10,medium,balanced,8-10_medium_balanced
46762,46762,air-quality-and-pollution-assessment,5000.0,10.0,4.0,0.0,0.0,,,0.25,1,3-4,medium,imbalanced,3-4_medium_imbalanced
46880,46880,air-quality-and-pollution-assessment,5000.0,10.0,4.0,0.0,0.0,,,0.25,2,3-4,medium,imbalanced,3-4_medium_imbalanced
46915,46915,churn,5000.0,20.0,2.0,0.0,0.0,,,0.16468669927789426,4,binary,medium,imbalanced,binary_medium_imbalanced
43607,43607,WMO-Hurricane-Survival-Dataset,5021.0,23.0,2.0,91.0,0.0007879947697929566,,,0.9431114551083591,1,binary,medium,balanced,binary_medium_balanced
44035,44035,KDDCup09_upselling,5032.0,46.0,2.0,0.0,0.0,,,1.0,3,binary,medium,balanced,binary_medium_balanced
44185,44185,KDDCup09_upselling,5032.0,46.0,2.0,0.0,0.0,,,1.0,5,binary,medium,balanced,binary_medium_balanced
44158,44158,KDDCup09_upselling,5032.0,46.0,2.0,0.0,0.0,,,1.0,4,binary,medium,balanced,binary_medium_balanced
43947,43947,KDDCup09_upselling,5032.0,46.0,2.0,0.0,0.0,,,1.0,2,binary,medium,balanced,binary_medium_balanced
40900,40900,Satellite,5100.0,37.0,2.0,0.0,0.0,,,0.014925373134328358,1,binary,medium,imbalanced,binary_medium_imbalanced
41146,41146,sylvine,5124.0,21.0,2.0,0.0,0.0,,,1.0,1,binary,medium,balanced,binary_medium_balanced
44186,44186,KDDCup09_upselling,5128.0,50.0,2.0,0.0,0.0,,,1.0,6,binary,medium,balanced,binary_medium_balanced
44124,44124,kdd_ipums_la_97-small,5188.0,21.0,2.0,0.0,0.0,,,1.0,6,binary,medium,balanced,binary_medium_balanced
44084,44084,kdd_ipums_la_97-small,5188.0,21.0,2.0,0.0,0.0,,,1.0,4,binary,medium,balanced,binary_medium_balanced
44115,44115,kdd_ipums_la_97-small,5188.0,21.0,2.0,0.0,0.0,,,1.0,5,binary,medium,balanced,binary_medium_balanced
43958,43958,kdd_ipums_la_97-small,5188.0,21.0,2.0,0.0,0.0,,,1.0,2,binary,medium,balanced,binary_medium_balanced
43970,43970,kdd_ipums_la_97-small,5188.0,21.0,2.0,0.0,0.0,,,1.0,3,binary,medium,balanced,binary_medium_balanced
46369,46369,Is_fraud,5227.0,22.0,2.0,0.0,0.0,,,0.003070427940894262,1,binary,medium,imbalanced,binary_medium_imbalanced
46504,46504,Is_fraud,5227.0,21.0,2.0,0.0,0.0,,,0.003070427940894262,2,binary,medium,imbalanced,binary_medium_imbalanced
42193,42193,compas-two-years,5278.0,14.0,2.0,0.0,0.0,,,0.8883720930232558,4,binary,medium,balanced,binary_medium_balanced
42192,42192,compas-two-years,5278.0,14.0,2.0,0.0,0.0,,,0.8883720930232558,3,binary,medium,balanced,binary_medium_balanced
1497,1497,wall-robot-navigation,5456.0,25.0,4.0,0.0,0.0,,,0.14875283446712018,1,3-4,medium,imbalanced,3-4_medium_imbalanced
1021,1021,page-blocks,5473.0,11.0,2.0,0.0,0.0,,,0.11398330958681051,2,binary,medium,imbalanced,binary_medium_imbalanced
30,30,page-blocks,5473.0,11.0,5.0,0.0,0.0,,,0.0056991654793405256,1,5-7,medium,imbalanced,5-7_medium_imbalanced
1069,1069,pc2,5589.0,37.0,2.0,0.0,0.0,,,0.004132231404958678,1,binary,medium,imbalanced,binary_medium_imbalanced
980,980,optdigits,5620.0,65.0,2.0,0.0,0.0,,,0.1133122028526149,2,binary,medium,imbalanced,binary_medium_imbalanced
28,28,optdigits,5620.0,65.0,10.0,0.0,0.0,,,0.9685314685314685,1,8-10,medium,balanced,8-10_medium_balanced
41003,41003,jungle_chess_2pcs_endgame_rat_elephant,5880.0,47.0,3.0,3528.0,0.01276595744680851,,,0.2646554679465204,1,3-4,medium,imbalanced,3-4_medium_imbalanced
41002,41002,jungle_chess_2pcs_endgame_rat_panther,5880.0,47.0,3.0,3528.0,0.01276595744680851,,,0.5116634799235181,1,3-4,medium,balanced,3-4_medium_balanced
41006,41006,jungle_chess_2pcs_endgame_rat_lion,5880.0,47.0,3.0,3528.0,0.01276595744680851,,,0.12345679012345678,1,3-4,medium,imbalanced,3-4_medium_imbalanced
46950,46950,polish_companies_bankruptcy,5910.0,65.0,2.0,4666.0,0.012146297019393466,,,0.07454545454545454,1,binary,medium,imbalanced,binary_medium_imbalanced
46517,46517,HMEQ_Data_Preprocessed,5960.0,21.0,2.0,4740.0,0.03787152444870566,,,0.249214001257598,1,binary,medium,imbalanced,binary_medium_imbalanced
46431,46431,HMEQ_Data,5960.0,21.0,2.0,4740.0,0.03787152444870566,,,0.249214001257598,3,binary,medium,imbalanced,binary_medium_imbalanced
1475,1475,first-order-theorem-proving,6118.0,52.0,6.0,0.0,0.0,,,0.19028974158183243,1,5-7,medium,imbalanced,5-7_medium_imbalanced
182,182,satimage,6430.0,37.0,6.0,0.0,0.0,,,0.4082299150881777,1,5-7,medium,imbalanced,5-7_medium_imbalanced
847,847,wind,6574.0,15.0,2.0,0.0,0.0,,,0.87774921451014,2,binary,medium,balanced,binary_medium_balanced
40666,40666,clean2,6598.0,169.0,2.0,0.0,0.0,,,0.18222540763304068,1,binary,medium,imbalanced,binary_medium_imbalanced
1116,1116,musk,6598.0,168.0,2.0,0.0,0.0,,,0.18222540763304068,1,binary,medium,imbalanced,binary_medium_imbalanced
46962,46962,taiwanese_bankruptcy_prediction,6819.0,95.0,2.0,0.0,0.0,,,0.03333838460372784,1,binary,medium,imbalanced,binary_medium_imbalanced
42178,42178,telco-customer-churn,7043.0,20.0,2.0,0.0,0.0,,,0.36122922303826827,1,binary,medium,imbalanced,binary_medium_imbalanced
45568,45568,telco-customer-churn,7043.0,20.0,2.0,11.0,7.809172227743859e-05,,,0.36122922303826827,2,binary,medium,imbalanced,binary_medium_imbalanced
46280,46280,blastchar,7043.0,20.0,2.0,11.0,7.809172227743859e-05,,,0.36122922303826827,1,binary,medium,imbalanced,binary_medium_imbalanced
1507,1507,twonorm,7400.0,21.0,2.0,0.0,0.0,,,0.9983796921415069,1,binary,medium,balanced,binary_medium_balanced
1496,1496,ringnorm,7400.0,21.0,2.0,0.0,0.0,,,0.9807280513918629,1,binary,medium,balanced,binary_medium_balanced
46969,46969,NATICUSdroid,7491.0,87.0,2.0,0.0,0.0,,,0.5391411547154304,3,binary,medium,balanced,binary_medium_balanced
43946,43946,eye_movements,7608.0,24.0,2.0,0.0,0.0,,,1.0,2,binary,medium,balanced,binary_medium_balanced
44078,44078,eye_movements,7608.0,21.0,2.0,0.0,0.0,,,1.0,5,binary,medium,balanced,binary_medium_balanced
44130,44130,eye_movements,7608.0,21.0,2.0,0.0,0.0,,,1.0,7,binary,medium,balanced,binary_medium_balanced
44093,44093,eye_movements,7608.0,21.0,2.0,0.0,0.0,,,1.0,6,binary,medium,balanced,binary_medium_balanced
44157,44157,eye_movements,7608.0,24.0,2.0,0.0,0.0,,,1.0,8,binary,medium,balanced,binary_medium_balanced
43976,43976,eye_movements,7608.0,21.0,2.0,0.0,0.0,,,1.0,3,binary,medium,balanced,binary_medium_balanced
44034,44034,eye_movements,7608.0,24.0,2.0,0.0,0.0,,,1.0,4,binary,medium,balanced,binary_medium_balanced
43922,43922,mushroom,8124.0,23.0,2.0,0.0,0.0,,,0.9306083650190115,3,binary,medium,balanced,binary_medium_balanced
24,24,mushroom,8124.0,23.0,2.0,2480.0,0.013272536552993814,,,0.9306083650190115,1,binary,medium,balanced,binary_medium_balanced
807,807,kin8nm,8192.0,9.0,2.0,0.0,0.0,,,0.9654510556621881,2,binary,medium,balanced,binary_medium_balanced
735,735,cpu_small,8192.0,13.0,2.0,0.0,0.0,,,0.43342082239720037,3,binary,medium,imbalanced,binary_medium_imbalanced
752,752,puma32H,8192.0,33.0,2.0,0.0,0.0,,,0.9844961240310077,2,binary,medium,balanced,binary_medium_balanced
816,816,puma8NH,8192.0,9.0,2.0,0.0,0.0,,,0.9912493923189111,2,binary,medium,balanced,binary_medium_balanced
725,725,bank8FM,8192.0,9.0,2.0,0.0,0.0,,,0.6769703172978505,2,binary,medium,balanced,binary_medium_balanced
833,833,bank32nh,8192.0,33.0,2.0,0.0,0.0,,,0.45016817135776244,2,binary,medium,imbalanced,binary_medium_imbalanced
761,761,cpu_act,8192.0,22.0,2.0,0.0,0.0,,,0.43342082239720037,3,binary,medium,imbalanced,binary_medium_imbalanced
40536,40536,SpeedDating,8378.0,121.0,2.0,18372.0,0.018123025870589837,,,0.19719919977136324,1,binary,medium,imbalanced,binary_medium_imbalanced
1056,1056,mc1,9466.0,39.0,2.0,0.0,0.0,,,0.0072355820387316454,1,binary,medium,imbalanced,binary_medium_imbalanced
46916,46916,coil2000_insurance_policies,9822.0,86.0,2.0,0.0,0.0,,,0.06344737981810307,1,binary,medium,imbalanced,binary_medium_imbalanced
46281,46281,insurance_company,9822.0,86.0,2.0,0.0,0.0,,,0.06344737981810307,1,binary,medium,imbalanced,binary_medium_imbalanced
45553,45553,FICO-HELOC-cleaned,9871.0,24.0,2.0,0.0,0.0,,,0.9219236760124611,1,binary,medium,balanced,binary_medium_balanced
4538,4538,GesturePhaseSegmentationProcessed,9873.0,33.0,5.0,0.0,0.0,,,0.3383050847457627,1,5-7,medium,imbalanced,5-7_medium_imbalanced
976,976,JapaneseVowels,9961.0,15.0,2.0,0.0,0.0,,,0.19336288486881514,2,binary,medium,imbalanced,binary_medium_imbalanced
375,375,JapaneseVowels,9961.0,15.0,9.0,0.0,0.0,,,0.48451053283767037,1,8-10,medium,imbalanced,8-10_medium_imbalanced
45026,45026,heloc,10000.0,23.0,2.0,0.0,0.0,,,1.0,2,binary,medium,balanced,binary_medium_balanced
45023,45023,heloc,10000.0,23.0,2.0,0.0,0.0,,,1.0,1,binary,medium,balanced,binary_medium_balanced
46911,46911,Bank_Customer_Churn,10000.0,11.0,2.0,0.0,0.0,,,0.25580811252040686,1,binary,medium,imbalanced,binary_medium_imbalanced
46868,46868,Phishing_Legitimate_full,10000.0,49.0,2.0,0.0,0.0,,,1.0,2,binary,medium,balanced,binary_medium_balanced
46298,46298,electrical_grid_stability_simulated_classification,10000.0,13.0,2.0,0.0,0.0,,,0.567398119122257,1,binary,medium,balanced,binary_medium_balanced
43956,43956,pol,10082.0,27.0,2.0,0.0,0.0,,,1.0,3,binary,large,balanced,binary_large_balanced
44122,44122,pol,10082.0,27.0,2.0,0.0,0.0,,,1.0,10,binary,large,balanced,binary_large_balanced
43968,43968,pol,10082.0,27.0,2.0,0.0,0.0,,,1.0,4,binary,large,balanced,binary_large_balanced
44113,44113,pol,10082.0,27.0,2.0,0.0,0.0,,,1.0,9,binary,large,balanced,binary_large_balanced
44082,44082,pol,10082.0,27.0,2.0,0.0,0.0,,,1.0,8,binary,large,balanced,binary_large_balanced
43920,43920,kdd_internet_usage,10108.0,71.0,2.0,2699.0,0.0037607918982036264,,,0.36723928040037873,3,binary,large,imbalanced,binary_large_imbalanced
981,981,kdd_internet_usage,10108.0,69.0,2.0,2699.0,0.003869800359021123,,,0.36723928040037873,1,binary,large,imbalanced,binary_large_imbalanced
46282,46282,internet_usage,10108.0,69.0,2.0,309.0,0.00044304124154780544,,,0.36723928040037873,2,binary,large,imbalanced,binary_large_imbalanced
1459,1459,artificial-characters,10218.0,8.0,10.0,0.0,0.0,,,0.423728813559322,1,8-10,large,imbalanced,8-10_large_imbalanced
46676,46676,WBCAtt,10298.0,12.0,5.0,0.0,0.0,,,0.36467407629918897,1,5-7,large,imbalanced,5-7_large_imbalanced
46819,46819,WBCAtt,10298.0,12.0,5.0,0.0,0.0,,,0.36467407629918897,3,5-7,large,imbalanced,5-7_large_imbalanced
46932,46932,heloc,10459.0,24.0,2.0,0.0,0.0,,,0.9159186664224217,3,binary,large,balanced,binary_large_balanced
44074,44074,bank-marketing,10578.0,8.0,2.0,0.0,0.0,,,1.0,5,binary,large,balanced,binary_large_balanced
44117,44117,bank-marketing,10578.0,8.0,2.0,0.0,0.0,,,1.0,7,binary,large,balanced,binary_large_balanced
43972,43972,bank-marketing,10578.0,8.0,2.0,0.0,0.0,,,1.0,3,binary,large,balanced,binary_large_balanced
44071,44071,bank-marketing,10578.0,8.0,2.0,0.0,0.0,,,1.0,4,binary,large,balanced,binary_large_balanced
44126,44126,bank-marketing,10578.0,8.0,2.0,0.0,0.0,,,1.0,8,binary,large,balanced,binary_large_balanced
44086,44086,bank-marketing,10578.0,8.0,2.0,0.0,0.0,,,1.0,6,binary,large,balanced,binary_large_balanced
46979,46979,jm1,10885.0,22.0,2.0,25.0,0.00010439721050653527,,,0.23989064813760108,3,binary,large,imbalanced,binary_large_imbalanced
1053,1053,jm1,10885.0,22.0,2.0,25.0,0.00010439721050653527,,,0.23989064813760108,1,binary,large,imbalanced,binary_large_imbalanced
1044,1044,eye_movements,10936.0,28.0,3.0,0.0,0.0,,,0.673392773345847,1,3-4,large,balanced,3-4_large_balanced
1019,1019,pendigits,10992.0,17.0,2.0,0.0,0.0,,,0.11616571892770106,2,binary,large,imbalanced,binary_large_imbalanced
32,32,pendigits,10992.0,17.0,10.0,0.0,0.0,,,0.9222027972027972,1,8-10,large,balanced,8-10_large_balanced
46924,46924,E-CommereShippingData,10999.0,11.0,2.0,0.0,0.0,,,0.6759104068261466,1,binary,large,balanced,binary_large_balanced
46948,46948,PhishingWebsites,11055.0,31.0,2.0,0.0,0.0,,,0.7955172973850901,2,binary,large,balanced,binary_large_balanced
4534,4534,PhishingWebsites,11055.0,31.0,2.0,0.0,0.0,,,0.7955172973850901,1,binary,large,balanced,binary_large_balanced
45060,45060,online_shoppers,12330.0,18.0,2.0,0.0,0.0,,,0.18307426597582038,1,binary,large,imbalanced,binary_large_imbalanced
46947,46947,online_shoppers_intention,12330.0,18.0,2.0,0.0,0.0,,,0.18307426597582038,1,binary,large,imbalanced,binary_large_imbalanced
45560,45560,online-shoppers-intention,12330.0,18.0,2.0,0.0,0.0,,,0.18307426597582038,2,binary,large,imbalanced,binary_large_imbalanced
46937,46937,in_vehicle_coupon_recommendation,12684.0,25.0,2.0,0.0,0.0,,,0.7592233009708738,1,binary,large,balanced,binary_large_balanced
1568,1568,nursery,12958.0,9.0,4.0,0.0,0.0,,,0.07592592592592592,3,3-4,large,imbalanced,3-4_large_imbalanced
26,26,nursery,12960.0,9.0,5.0,0.0,0.0,,,0.000462962962962963,1,5-7,large,imbalanced,5-7_large_imbalanced
43923,43923,mushroom,12960.0,9.0,5.0,0.0,0.0,,,0.000462962962962963,4,5-7,large,imbalanced,5-7_large_imbalanced
959,959,nursery,12960.0,9.0,2.0,0.0,0.0,,,0.5,2,binary,large,imbalanced,binary_large_imbalanced
43938,43938,nursery,12960.0,9.0,5.0,0.0,0.0,,,0.000462962962962963,4,5-7,large,imbalanced,5-7_large_imbalanced
45020,45020,default-of-credit-card-clients,13272.0,21.0,2.0,0.0,0.0,,,1.0,3,binary,large,balanced,binary_large_balanced
45036,45036,default-of-credit-card-clients,13272.0,22.0,2.0,0.0,0.0,,,1.0,4,binary,large,balanced,binary_large_balanced
44085,44085,MagicTelescope,13376.0,11.0,2.0,0.0,0.0,,,1.0,5,binary,large,balanced,binary_large_balanced
44073,44073,MagicTelescope,13376.0,11.0,2.0,0.0,0.0,,,1.0,4,binary,large,balanced,binary_large_balanced
44125,44125,MagicTelescope,13376.0,11.0,2.0,0.0,0.0,,,1.0,7,binary,large,balanced,binary_large_balanced
44116,44116,MagicTelescope,13376.0,11.0,2.0,0.0,0.0,,,1.0,6,binary,large,balanced,binary_large_balanced
43971,43971,MagicTelescope,13376.0,11.0,2.0,0.0,0.0,,,1.0,2,binary,large,balanced,binary_large_balanced
44070,44070,MagicTelescope,13376.0,11.0,2.0,0.0,0.0,,,1.0,3,binary,large,balanced,binary_large_balanced
43969,43969,house_16H,13488.0,17.0,2.0,0.0,0.0,,,1.0,4,binary,large,balanced,binary_large_balanced
44083,44083,house_16H,13488.0,17.0,2.0,0.0,0.0,,,1.0,8,binary,large,balanced,binary_large_balanced
44123,44123,house_16H,13488.0,17.0,2.0,0.0,0.0,,,1.0,10,binary,large,balanced,binary_large_balanced
44114,44114,house_16H,13488.0,17.0,2.0,0.0,0.0,,,1.0,9,binary,large,balanced,binary_large_balanced
43957,43957,house_16H,13488.0,17.0,2.0,0.0,0.0,,,1.0,3,binary,large,balanced,binary_large_balanced
734,734,ailerons,13750.0,41.0,2.0,0.0,0.0,,,0.7356728098964908,2,binary,large,balanced,binary_large_balanced
1476,1476,gas-drift,13910.0,129.0,6.0,0.0,0.0,,,0.5453639082751744,1,5-7,large,balanced,5-7_large_balanced
1477,1477,gas-drift-different-concentrations,13910.0,130.0,6.0,0.0,0.0,,,0.5453639082751744,1,5-7,large,balanced,5-7_large_balanced
4154,4154,CreditCardSubset,14240.0,31.0,2.0,0.0,0.0,,,0.0016177815291552368,1,binary,large,imbalanced,binary_large_imbalanced
1040,1040,sylva_prior,14395.0,109.0,2.0,0.0,0.0,,,0.06558590569250129,1,binary,large,imbalanced,binary_large_imbalanced
1471,1471,eeg-eye-state,14980.0,15.0,2.0,0.0,0.0,,,0.8142182390698801,1,binary,large,balanced,binary_large_balanced
46481,46481,Financial-Risk-Assessment,15000.0,20.0,3.0,13500.0,0.045,,,0.16666666666666666,1,3-4,large,imbalanced,3-4_large_imbalanced
46515,46515,Financial-Risk-Assessment-Preprocessed,15000.0,22.0,3.0,13500.0,0.04090909090909091,,,0.16666666666666666,1,3-4,large,imbalanced,3-4_large_imbalanced
722,722,pol,15000.0,49.0,2.0,0.0,0.0,,,0.5061753188071092,2,binary,large,balanced,binary_large_balanced
41526,41526,test_dataset,15547.0,61.0,2.0,280.0,0.0002952443516064983,,,0.9519146264908976,6,binary,large,balanced,binary_large_balanced
44226,44226,NewspaperChurn,15855.0,19.0,2.0,1430.0,0.004746966754634932,,,0.23693243875799658,1,binary,large,imbalanced,binary_large_imbalanced
46878,46878,Indicators_of_Anxiety_or_Depression,16092.0,14.0,3.0,8358.0,0.037099179716629384,,,1.0,2,3-4,large,balanced,3-4_large_balanced
46760,46760,Indicators_of_Anxiety_or_Depression,16092.0,14.0,3.0,8358.0,0.037099179716629384,,,1.0,1,3-4,large,balanced,3-4_large_balanced
846,846,elevators,16599.0,19.0,2.0,0.0,0.0,,,0.44729270206643995,2,binary,large,imbalanced,binary_large_imbalanced
44162,44162,compass,16644.0,18.0,2.0,0.0,0.0,,,1.0,3,binary,large,balanced,binary_large_balanced
46543,46543,dataset_credit,16714.0,11.0,2.0,0.0,0.0,,,1.0,2,binary,large,balanced,binary_large_balanced
46376,46376,credit,16714.0,11.0,2.0,0.0,0.0,,,1.0,7,binary,large,balanced,binary_large_balanced
45024,45024,credit,16714.0,11.0,2.0,0.0,0.0,,,1.0,5,binary,large,balanced,binary_large_balanced
45027,45027,credit,16714.0,11.0,2.0,0.0,0.0,,,1.0,6,binary,large,balanced,binary_large_balanced
44089,44089,credit,16714.0,11.0,2.0,0.0,0.0,,,1.0,2,binary,large,balanced,binary_large_balanced
45558,45558,Pulsar-Dataset-HTRU2,17898.0,9.0,2.0,0.0,0.0,,,0.10080570760809397,2,binary,large,imbalanced,binary_large_imbalanced
1120,1120,MagicTelescope,19020.0,12.0,2.0,0.0,0.0,,,0.5423289004216673,1,binary,large,balanced,binary_large_balanced
46935,46935,HR_Analytics_Job_Change_of_Data_Scientists,19158.0,13.0,2.0,65.0,0.0002609875769913352,,,0.3321743967735206,1,binary,large,imbalanced,binary_large_imbalanced
1222,1222,letter-challenge-unlabeled.arff,20000.0,17.0,3.0,10000.0,0.029411764705882353,,,0.276,1,3-4,large,imbalanced,3-4_large_imbalanced
41671,41671,microaggregation2,20000.0,21.0,5.0,0.0,0.0,,,0.06656513169682853,1,5-7,large,imbalanced,5-7_large_imbalanced
977,977,letter,20000.0,17.0,2.0,0.0,0.0,,,0.04237243967269506,2,binary,large,imbalanced,binary_large_imbalanced
46652,46652,news_channel,20284.0,18.0,6.0,0.0,0.0,,,0.2536414837832589,1,5-7,large,imbalanced,5-7_large_imbalanced
46808,46808,news_channel,20284.0,18.0,6.0,0.0,0.0,,,0.2536414837832589,2,5-7,large,imbalanced,5-7_large_imbalanced
43979,43979,california,20634.0,9.0,2.0,0.0,0.0,,,1.0,1,binary,large,balanced,binary_large_balanced
44090,44090,california,20634.0,9.0,2.0,0.0,0.0,,,1.0,5,binary,large,balanced,binary_large_balanced
45028,45028,california,20634.0,9.0,2.0,0.0,0.0,,,1.0,7,binary,large,balanced,binary_large_balanced
45025,45025,california,20634.0,9.0,2.0,0.0,0.0,,,1.0,6,binary,large,balanced,binary_large_balanced
45578,45578,California-Housing-Classification,20640.0,9.0,2.0,0.0,0.0,,,0.999418773612322,1,binary,large,balanced,binary_large_balanced
823,823,houses,20640.0,9.0,2.0,0.0,0.0,,,0.7601910284837115,2,binary,large,balanced,binary_large_balanced
43904,43904,law-school-admission-bianry,20800.0,11.0,2.0,0.0,0.0,,,0.4745498369488161,3,binary,large,imbalanced,binary_large_imbalanced
43890,43890,law-school-admission-bianry,20800.0,12.0,2.0,0.0,0.0,,,0.4745498369488161,2,binary,large,imbalanced,binary_large_imbalanced
821,821,house_16H,22784.0,17.0,2.0,0.0,0.0,,,0.4204488778054863,2,binary,large,imbalanced,binary_large_imbalanced
843,843,house_8L,22784.0,9.0,2.0,0.0,0.0,,,0.4204488778054863,2,binary,large,imbalanced,binary_large_imbalanced
45037,45037,BitcoinHeist_Ransomware,24780.0,8.0,2.0,0.0,0.0,,,1.0,2,binary,large,balanced,binary_large_balanced
46556,46556,Loan_Status,26257.0,14.0,3.0,4.0,1.0881452020957677e-05,,,4.900999803960008e-05,3,3-4,large,imbalanced,3-4_large_imbalanced
45067,45067,okcupid_stem,26677.0,14.0,3.0,0.0,0.0,,,0.14649383101671093,1,3-4,large,imbalanced,3-4_large_imbalanced
46541,46541,dataset_china,27522.0,28.0,5.0,8792.0,0.0114090545745222,,,0.004036682865652923,3,5-7,large,imbalanced,5-7_large_imbalanced
46443,46443,credit_risk_china,27522.0,28.0,5.0,36851.0,0.047820185410113465,,,0.004036682865652923,1,5-7,large,imbalanced,5-7_large_imbalanced
46444,46444,credit_risk_china,27522.0,28.0,5.0,36851.0,0.047820185410113465,,,0.004036682865652923,2,5-7,large,imbalanced,5-7_large_imbalanced
46531,46531,dataset_china,27522.0,28.0,5.0,8792.0,0.0114090545745222,,,0.004036682865652923,1,5-7,large,imbalanced,5-7_large_imbalanced
46539,46539,dataset_china,27522.0,28.0,5.0,8792.0,0.0114090545745222,,,0.004036682865652923,2,5-7,large,imbalanced,5-7_large_imbalanced
46874,46874,student_depression_dataset,27901.0,17.0,2.0,3.0,6.32488399108613e-06,,,0.7079456415279138,2,binary,large,balanced,binary_large_balanced
46455,46455,Credit_Card_Fraud_Classification,28480.0,31.0,2.0,0.0,0.0,,,0.0017234708592733284,5,binary,large,imbalanced,binary_large_imbalanced
46568,46568,Credit_Card_Fraud,28480.0,31.0,2.0,0.0,0.0,,,0.0017234708592733284,1,binary,large,imbalanced,binary_large_imbalanced
46374,46374,default-of-credit-card-clients,30000.0,24.0,2.0,0.0,0.0,,,0.2840267077555213,6,binary,large,imbalanced,binary_large_imbalanced
46373,46373,default-of-credit-card-clients,30000.0,24.0,2.0,0.0,0.0,,,0.2840267077555213,5,binary,large,imbalanced,binary_large_imbalanced
46548,46548,dataset_default_of_credit_card_clients,30000.0,24.0,2.0,0.0,0.0,,,0.2840267077555213,2,binary,large,imbalanced,binary_large_imbalanced
46745,46745,Advanced_IoT_Dataset,30000.0,14.0,6.0,0.0,0.0,,,1.0,1,5-7,large,balanced,5-7_large_balanced
42477,42477,default-of-credit-card-clients,30000.0,24.0,2.0,0.0,0.0,,,0.2840267077555213,1,binary,large,imbalanced,binary_large_imbalanced
46919,46919,credit_card_clients_default,30000.0,24.0,2.0,0.0,0.0,,,0.2840267077555213,1,binary,large,imbalanced,binary_large_imbalanced
46871,46871,Advanced_IoT_Dataset,30000.0,14.0,6.0,0.0,0.0,,,1.0,2,5-7,large,balanced,5-7_large_balanced
46375,46375,default-of-credit-card-clients,30000.0,24.0,2.0,0.0,0.0,,,0.2840267077555213,7,binary,large,imbalanced,binary_large_imbalanced
41160,41160,rl,31406.0,23.0,2.0,29756.0,0.04119401166766804,,,0.10541691598324593,1,binary,large,imbalanced,binary_large_imbalanced
1119,1119,adult-census,32561.0,16.0,2.0,4262.0,0.00818079911550628,,,0.31719255663430423,1,binary,large,imbalanced,binary_large_imbalanced
46905,46905,Amazon_employee_access,32769.0,10.0,2.0,0.0,0.0,,,0.06144726613112205,3,binary,large,imbalanced,binary_large_imbalanced
4135,4135,Amazon_employee_access,32769.0,10.0,2.0,0.0,0.0,,,0.06144726613112205,1,binary,large,imbalanced,binary_large_imbalanced
43900,43900,amazon_employee_access,32769.0,10.0,2.0,0.0,0.0,,,0.06144726613112205,2,binary,large,imbalanced,binary_large_imbalanced
43551,43551,Employee-Turnover-at-TECHCO,34452.0,10.0,2.0,0.0,0.0,,,0.014547382060192002,1,binary,large,imbalanced,binary_large_imbalanced
1486,1486,nomao,34465.0,119.0,2.0,0.0,0.0,,,0.3998212907680435,1,binary,large,imbalanced,binary_large_imbalanced
46371,46371,Customer_Churn_Classification_Nominal,35000.0,25.0,2.0,0.0,0.0,,,0.2679781183204724,1,binary,large,imbalanced,binary_large_imbalanced
350,350,webdata_wXa,36974.0,124.0,2.0,0.0,0.0,,,0.3158007117437722,1,binary,large,imbalanced,binary_large_imbalanced
44080,44080,electricity,38474.0,8.0,2.0,0.0,0.0,,,1.0,10,binary,large,balanced,binary_large_balanced
43964,43964,electricity,38474.0,8.0,2.0,0.0,0.0,,,1.0,7,binary,large,balanced,binary_large_balanced
44120,44120,electricity,38474.0,8.0,2.0,0.0,0.0,,,1.0,12,binary,large,balanced,binary_large_balanced
43953,43953,electricity,38474.0,8.0,2.0,0.0,0.0,,,1.0,6,binary,large,balanced,binary_large_balanced
43952,43952,electricity,38474.0,8.0,2.0,0.0,0.0,,,1.0,5,binary,large,balanced,binary_large_balanced
44156,44156,electricity,38474.0,9.0,2.0,0.0,0.0,,,1.0,13,binary,large,balanced,binary_large_balanced
43951,43951,electricity,38474.0,8.0,2.0,0.0,0.0,,,1.0,4,binary,large,balanced,binary_large_balanced
43945,43945,electricity,38474.0,9.0,2.0,0.0,0.0,,,1.0,2,binary,large,balanced,binary_large_balanced
44111,44111,electricity,38474.0,8.0,2.0,0.0,0.0,,,1.0,11,binary,large,balanced,binary_large_balanced
43966,43966,electricity,38474.0,8.0,2.0,0.0,0.0,,,1.0,8,binary,large,balanced,binary_large_balanced
43950,43950,electricity,38474.0,8.0,2.0,0.0,0.0,,,1.0,3,binary,large,balanced,binary_large_balanced
44033,44033,electricity,38474.0,9.0,2.0,0.0,0.0,,,1.0,9,binary,large,balanced,binary_large_balanced
251,251,BNG(breast-w),39366.0,10.0,2.0,0.0,0.0,,,0.5246320681642138,1,binary,large,balanced,binary_large_balanced
137,137,BNG(tic-tac-toe),39366.0,10.0,2.0,0.0,0.0,,,0.5316317796280445,1,binary,large,balanced,binary_large_balanced
43901,43901,click_prediction_small,39926.0,9.0,2.0,0.0,0.0,,,0.2025541399355441,11,binary,large,imbalanced,binary_large_imbalanced
1220,1220,Click_prediction_small,39948.0,10.0,2.0,0.0,0.0,,,0.20252859723058397,5,binary,large,imbalanced,binary_large_imbalanced
42733,42733,Click_prediction_small,39948.0,12.0,2.0,0.0,0.0,,,0.20252859723058397,10,binary,large,imbalanced,binary_large_imbalanced
41434,41434,Click_prediction_small,39948.0,12.0,2.0,0.0,0.0,,,0.20252859723058397,8,binary,large,imbalanced,binary_large_imbalanced
42717,42717,Click_prediction_small,39948.0,10.0,2.0,0.0,0.0,,,0.20252859723058397,9,binary,large,imbalanced,binary_large_imbalanced
727,727,2dplanes,40768.0,11.0,2.0,0.0,0.0,,,0.9964740450538687,2,binary,large,balanced,binary_large_balanced
881,881,mv,40768.0,11.0,2.0,0.0,0.0,,,0.6762468648493072,2,binary,large,balanced,binary_large_balanced
901,901,fried,40768.0,11.0,2.0,0.0,0.0,,,0.9957898859352817,2,binary,large,balanced,binary_large_balanced
46683,46683,Dynamically-Generated-Hate-Speech-Dataset,41144.0,13.0,2.0,11054.0,0.020666626781734695,,,0.8554227733934611,1,binary,large,balanced,binary_large_balanced
46822,46822,Dynamically-Generated-Hate-Speech-Dataset,41144.0,9.0,2.0,8.0,2.160433815110074e-05,,,0.8554227733934611,2,binary,large,balanced,binary_large_balanced
41886,41886,FOREX_eurnzd-hour-Close,43825.0,12.0,2.0,0.0,0.0,,,0.9608501118568232,1,binary,large,balanced,binary_large_balanced
41891,41891,FOREX_eurcad-hour-Close,43825.0,12.0,2.0,0.0,0.0,,,0.9998631012138359,1,binary,large,balanced,binary_large_balanced
41842,41842,FOREX_eurchf-hour-High,43825.0,12.0,2.0,0.0,0.0,,,0.9519419205415999,1,binary,large,balanced,binary_large_balanced
41859,41859,FOREX_eurnok-hour-Close,43825.0,12.0,2.0,0.0,0.0,,,0.990416931601417,1,binary,large,balanced,binary_large_balanced
41860,41860,FOREX_eurusd-hour-Close,43825.0,12.0,2.0,0.0,0.0,,,0.9856372615649495,1,binary,large,balanced,binary_large_balanced
41851,41851,FOREX_usdjpy-hour-High,43825.0,12.0,2.0,0.0,0.0,,,0.8755081953181838,1,binary,large,balanced,binary_large_balanced
41843,41843,FOREX_audusd-hour-High,43825.0,12.0,2.0,0.0,0.0,,,0.8881947436449806,1,binary,large,balanced,binary_large_balanced
41871,41871,FOREX_usddkk-hour-Close,43825.0,12.0,2.0,0.0,0.0,,,0.9875283446712018,1,binary,large,balanced,binary_large_balanced
41888,41888,FOREX_audchf-hour-Close,43825.0,12.0,2.0,0.0,0.0,,,0.9996805986493886,1,binary,large,balanced,binary_large_balanced
41870,41870,FOREX_chfjpy-hour-Close,43825.0,12.0,2.0,0.0,0.0,,,0.9924077104928168,1,binary,large,balanced,binary_large_balanced
41865,41865,FOREX_audsgd-hour-High,43825.0,12.0,2.0,0.0,0.0,,,0.9427697490912315,1,binary,large,balanced,binary_large_balanced
41873,41873,FOREX_eurusd-hour-High,43825.0,12.0,2.0,0.0,0.0,,,0.8630701866258556,1,binary,large,balanced,binary_large_balanced
41879,41879,FOREX_gbpusd-hour-High,43825.0,12.0,2.0,0.0,0.0,,,0.879933081674674,1,binary,large,balanced,binary_large_balanced
41877,41877,FOREX_eurchf-hour-Close,43825.0,12.0,2.0,0.0,0.0,,,0.9917738490205881,1,binary,large,balanced,binary_large_balanced
41856,41856,FOREX_eurdkk-hour-High,43825.0,12.0,2.0,0.0,0.0,,,0.8329150982852364,1,binary,large,balanced,binary_large_balanced
41768,41768,FOREX_eurnok-hour-High,43825.0,12.0,2.0,0.0,0.0,,,0.901466504685873,1,binary,large,balanced,binary_large_balanced
41767,41767,FOREX_cadjpy-hour-Close,43825.0,12.0,2.0,0.0,0.0,,,0.988881325164511,1,binary,large,balanced,binary_large_balanced
41780,41780,FOREX_usdchf-hour-High,43825.0,12.0,2.0,0.0,0.0,,,0.9343661723163842,1,binary,large,balanced,binary_large_balanced
41804,41804,FOREX_gbpusd-hour-Close,43825.0,12.0,2.0,0.0,0.0,,,0.9822244334886245,1,binary,large,balanced,binary_large_balanced
41792,41792,FOREX_usdchf-hour-Close,43825.0,12.0,2.0,0.0,0.0,,,0.9859071959398223,1,binary,large,balanced,binary_large_balanced
41787,41787,FOREX_eurpln-hour-High,43825.0,12.0,2.0,0.0,0.0,,,0.881062752167568,1,binary,large,balanced,binary_large_balanced
41828,41828,FOREX_usdcad-hour-High,43825.0,12.0,2.0,0.0,0.0,,,0.9278989970086222,1,binary,large,balanced,binary_large_balanced
41838,41838,FOREX_cadchf-hour-Close,43825.0,12.0,2.0,0.0,0.0,,,0.9994069072494183,1,binary,large,balanced,binary_large_balanced
41824,41824,FOREX_eurgbp-hour-Close,43825.0,12.0,2.0,0.0,0.0,,,0.9884301270417423,1,binary,large,balanced,binary_large_balanced
41820,41820,FOREX_chfsgd-hour-High,43825.0,12.0,2.0,0.0,0.0,,,0.9083387763988678,1,binary,large,balanced,binary_large_balanced
41827,41827,FOREX_euraud-hour-Close,43825.0,12.0,2.0,0.0,0.0,,,0.980075001129535,1,binary,large,balanced,binary_large_balanced
41825,41825,FOREX_audnzd-hour-High,43825.0,12.0,2.0,0.0,0.0,,,0.9304466566822306,1,binary,large,balanced,binary_large_balanced
41816,41816,FOREX_usddkk-hour-High,43825.0,12.0,2.0,0.0,0.0,,,0.8804170599845533,1,binary,large,balanced,binary_large_balanced
41806,41806,FOREX_audjpy-hour-Close,43825.0,12.0,2.0,0.0,0.0,,,0.972943771665241,1,binary,large,balanced,binary_large_balanced
41805,41805,FOREX_eurrub-hour-High,43825.0,12.0,2.0,0.0,0.0,,,0.4213667174780268,1,binary,large,imbalanced,binary_large_imbalanced
41831,41831,FOREX_eurdkk-hour-Close,43825.0,12.0,2.0,0.0,0.0,,,0.9028700447223308,1,binary,large,balanced,binary_large_balanced
41779,41779,FOREX_eursek-hour-High,43825.0,12.0,2.0,0.0,0.0,,,0.936417462000707,1,binary,large,balanced,binary_large_balanced
41782,41782,FOREX_usdjpy-hour-Close,43825.0,12.0,2.0,0.0,0.0,,,0.9597102356571122,1,binary,large,balanced,binary_large_balanced
41781,41781,FOREX_audcad-hour-Close,43825.0,12.0,2.0,0.0,0.0,,,0.9924982950670607,1,binary,large,balanced,binary_large_balanced
41878,41878,FOREX_audusd-hour-Close,43825.0,12.0,2.0,0.0,0.0,,,0.9832111503303467,1,binary,large,balanced,binary_large_balanced
41883,41883,FOREX_eurnzd-hour-High,43825.0,12.0,2.0,0.0,0.0,,,0.9055176312013565,1,binary,large,balanced,binary_large_balanced
41884,41884,FOREX_nzdusd-hour-High,43825.0,12.0,2.0,0.0,0.0,,,0.8903122843340234,1,binary,large,balanced,binary_large_balanced
41885,41885,FOREX_chfsgd-hour-Close,43825.0,12.0,2.0,0.0,0.0,,,0.967187359727085,1,binary,large,balanced,binary_large_balanced
41881,41881,FOREX_chfjpy-hour-High,43825.0,12.0,2.0,0.0,0.0,,,0.9176074210203903,1,binary,large,balanced,binary_large_balanced
41889,41889,FOREX_eurjpy-hour-Close,43825.0,12.0,2.0,0.0,0.0,,,0.9827625209247614,1,binary,large,balanced,binary_large_balanced
41862,41862,FOREX_eurrub-hour-Close,43825.0,12.0,2.0,0.0,0.0,,,0.4447484670666579,1,binary,large,imbalanced,binary_large_imbalanced
41832,41832,FOREX_nzdusd-hour-Close,43825.0,12.0,2.0,0.0,0.0,,,0.9821347806422434,1,binary,large,balanced,binary_large_balanced
41833,41833,FOREX_cadjpy-hour-High,43825.0,12.0,2.0,0.0,0.0,,,0.9312122681002952,1,binary,large,balanced,binary_large_balanced
41835,41835,FOREX_euraud-hour-High,43825.0,12.0,2.0,0.0,0.0,,,0.9163496436223709,1,binary,large,balanced,binary_large_balanced
41799,41799,FOREX_eurhkd-hour-Close,43825.0,12.0,2.0,0.0,0.0,,,0.985187533973546,1,binary,large,balanced,binary_large_balanced
41773,41773,FOREX_eurtry-hour-Close,43825.0,12.0,2.0,0.0,0.0,,,0.9747217591132339,1,binary,large,balanced,binary_large_balanced
41777,41777,FOREX_eurjpy-hour-High,43825.0,12.0,2.0,0.0,0.0,,,0.9069271603863893,1,binary,large,balanced,binary_large_balanced
41893,41893,FOREX_eursgd-hour-High,43825.0,12.0,2.0,0.0,0.0,,,0.9335980586807854,1,binary,large,balanced,binary_large_balanced
41896,41896,FOREX_eursek-hour-Close,43825.0,12.0,2.0,0.0,0.0,,,0.9881595064192714,1,binary,large,balanced,binary_large_balanced
41762,41762,FOREX_audsgd-hour-Close,43825.0,12.0,2.0,0.0,0.0,,,0.9838395726766557,1,binary,large,balanced,binary_large_balanced
41739,41739,FOREX_eurhkd-hour-High,43825.0,12.0,2.0,0.0,0.0,,,0.8739844351321303,1,binary,large,balanced,binary_large_balanced
41763,41763,FOREX_audcad-hour-High,43825.0,12.0,2.0,0.0,0.0,,,0.9429420109948572,1,binary,large,balanced,binary_large_balanced
41759,41759,FOREX_eurtry-hour-High,43825.0,12.0,2.0,0.0,0.0,,,0.9174396219810991,1,binary,large,balanced,binary_large_balanced
41742,41742,FOREX_eurgbp-hour-High,43825.0,12.0,2.0,0.0,0.0,,,0.903448575399583,1,binary,large,balanced,binary_large_balanced
41758,41758,FOREX_eursgd-hour-Close,43825.0,12.0,2.0,0.0,0.0,,,0.9848278985507246,1,binary,large,balanced,binary_large_balanced
41736,41736,FOREX_eurhuf-hour-Close,43825.0,12.0,2.0,0.0,0.0,,,0.6461948764180001,1,binary,large,balanced,binary_large_balanced
41734,41734,FOREX_eurpln-hour-Close,43825.0,12.0,2.0,0.0,0.0,,,0.9764138179850275,1,binary,large,balanced,binary_large_balanced
41727,41727,FOREX_usdcad-hour-Close,43825.0,12.0,2.0,0.0,0.0,,,0.9975842107662154,1,binary,large,balanced,binary_large_balanced
41723,41723,FOREX_cadchf-hour-High,43825.0,12.0,2.0,0.0,0.0,,,0.9549895168845073,1,binary,large,balanced,binary_large_balanced
41718,41718,FOREX_audjpy-hour-High,43825.0,12.0,2.0,0.0,0.0,,,0.9416507908378007,1,binary,large,balanced,binary_large_balanced
41715,41715,FOREX_eurhuf-hour-High,43825.0,12.0,2.0,0.0,0.0,,,0.6296668154097873,1,binary,large,balanced,binary_large_balanced
41712,41712,FOREX_eurcad-hour-High,43825.0,12.0,2.0,0.0,0.0,,,0.9262889543316777,1,binary,large,balanced,binary_large_balanced
41709,41709,FOREX_audchf-hour-High,43825.0,12.0,2.0,0.0,0.0,,,0.9494239580089854,1,binary,large,balanced,binary_large_balanced
41898,41898,FOREX_audnzd-hour-Close,43825.0,12.0,2.0,0.0,0.0,,,0.9674523007856342,1,binary,large,balanced,binary_large_balanced
46561,46561,EDA-Home-Mortgage-NY-Sampled-Dataset,43965.0,101.0,6.0,7385.0,0.0016631141107969548,,,0.062179346634509976,1,5-7,large,imbalanced,5-7_large_imbalanced
46528,46528,EDA-Home-Mortgage-NY-Sampled,43965.0,30.0,6.0,49605.0,0.037609462072102806,,,0.062179346634509976,1,5-7,large,imbalanced,5-7_large_imbalanced
41001,41001,jungle_chess_2pcs_endgame_complete,44819.0,47.0,3.0,10584.0,0.005024464833256033,,,0.18797155493886047,1,3-4,large,imbalanced,3-4_large_imbalanced
46554,46554,Loan_Status,45000.0,14.0,2.0,0.0,0.0,,,0.2857142857142857,2,binary,large,imbalanced,binary_large_imbalanced
46565,46565,Loan_Approval_Status,45000.0,14.0,2.0,0.0,0.0,,,0.2857142857142857,1,binary,large,imbalanced,binary_large_imbalanced
46468,46468,Give-Me-Some-Credit-Sampled,45000.0,11.0,2.0,10132.0,0.02046868686868687,,,0.07163269194132216,1,binary,large,imbalanced,binary_large_imbalanced
46526,46526,Loan_Approval_Status_Classification,45000.0,24.0,2.0,0.0,0.0,,,0.2857142857142857,1,binary,large,imbalanced,binary_large_imbalanced
46563,46563,Loan_Approval_Status_Classification,45000.0,14.0,2.0,0.0,0.0,,,0.2857142857142857,2,binary,large,imbalanced,binary_large_imbalanced
46553,46553,Loan_Status,45000.0,14.0,2.0,0.0,0.0,,,0.2857142857142857,1,binary,large,imbalanced,binary_large_imbalanced
46518,46518,Give-Me-Some-Credit-Sampled-Preprocessed,45000.0,11.0,2.0,10132.0,0.02046868686868687,,,0.07163269194132216,1,binary,large,imbalanced,binary_large_imbalanced
1461,1461,bank-marketing,45211.0,17.0,2.0,0.0,0.0,,,0.1324833425179099,1,binary,large,imbalanced,binary_large_imbalanced
44234,44234,Bank_marketing_data_set_UCI,45211.0,17.0,2.0,0.0,0.0,,,0.1324833425179099,1,binary,large,imbalanced,binary_large_imbalanced
46910,46910,bank-marketing,45211.0,14.0,2.0,0.0,0.0,,,0.1324833425179099,10,binary,large,imbalanced,binary_large_imbalanced
151,151,electricity,45312.0,9.0,2.0,0.0,0.0,,,0.7377564717162033,1,binary,large,balanced,binary_large_balanced
43898,43898,adult,48790.0,15.0,2.0,6456.0,0.00882147981143677,,,0.3147753914144817,3,binary,large,imbalanced,binary_large_imbalanced
45051,45051,adult-test,48842.0,15.0,2.0,6465.0,0.008824372466319971,,,0.3145471672722379,1,binary,large,imbalanced,binary_large_imbalanced
45068,45068,adult,48842.0,15.0,2.0,0.0,0.0,,,0.3145471672722379,4,binary,large,imbalanced,binary_large_imbalanced
179,179,adult,48842.0,15.0,2.0,6465.0,0.008824372466319971,,,0.3145471672722379,1,binary,large,imbalanced,binary_large_imbalanced
46506,46506,Credit_Score,50000.0,22.0,3.0,15950.0,0.0145,,,0.3375686038643711,1,3-4,large,imbalanced,3-4_large_imbalanced
46560,46560,dataset_credit_score,50000.0,28.0,3.0,8469.0,0.0060492857142857145,,,0.3352766389588897,3,3-4,large,imbalanced,3-4_large_imbalanced
46451,46451,Credit_Score_Classification_downsampled,50000.0,28.0,3.0,31271.0,0.022336428571428573,,,0.3375686038643711,7,3-4,large,imbalanced,3-4_large_imbalanced
46450,46450,Credit_Score_Classification_downsampled,50000.0,28.0,3.0,31271.0,0.022336428571428573,,,0.3375686038643711,6,3-4,large,imbalanced,3-4_large_imbalanced
46519,46519,Credit_Risk_Modeling,51336.0,62.0,4.0,0.0,0.0,,,0.18022298829156186,1,3-4,large,imbalanced,3-4_large_imbalanced
46546,46546,dataset_credit_risk_file_2,51336.0,62.0,4.0,0.0,0.0,,,0.18022298829156186,2,3-4,large,imbalanced,3-4_large_imbalanced
44094,44094,jannis,57580.0,55.0,2.0,0.0,0.0,,,1.0,4,binary,large,balanced,binary_large_balanced
44079,44079,jannis,57580.0,55.0,2.0,0.0,0.0,,,1.0,3,binary,large,balanced,binary_large_balanced
43977,43977,jannis,57580.0,55.0,2.0,0.0,0.0,,,1.0,2,binary,large,balanced,binary_large_balanced
45021,45021,jannis,57580.0,55.0,2.0,0.0,0.0,,,1.0,9,binary,large,balanced,binary_large_balanced
44131,44131,jannis,57580.0,55.0,2.0,0.0,0.0,,,1.0,5,binary,large,balanced,binary_large_balanced
45035,45035,albert,58252.0,32.0,2.0,0.0,0.0,,,1.0,2,binary,large,balanced,binary_large_balanced
46820,46820,REASONER,58497.0,35.0,2.0,59.0,2.8817106615968097e-05,,,0.3713341303889162,2,binary,large,imbalanced,binary_large_imbalanced
46978,46978,internet_firewall,65532.0,12.0,4.0,0.0,0.0,,,0.001434643995749203,2,3-4,large,imbalanced,3-4_large_imbalanced
46936,46936,internet_firewall,65532.0,12.0,4.0,0.0,0.0,,,0.001434643995749203,1,3-4,large,imbalanced,3-4_large_imbalanced
40668,40668,connect-4,67557.0,43.0,3.0,0.0,0.0,,,0.14500933150450834,2,3-4,large,imbalanced,3-4_large_imbalanced
45547,45547,Cardiovascular-Disease-dataset,70000.0,12.0,2.0,0.0,0.0,,,0.998800719568259,1,binary,large,balanced,binary_large_balanced
42345,42345,Traffic_violations,70340.0,21.0,3.0,2288.0,0.0015489391662266271,,,0.10197196207317782,5,3-4,large,imbalanced,3-4_large_imbalanced
45022,45022,Diabetes130US,71090.0,8.0,2.0,0.0,0.0,,,1.0,2,binary,large,balanced,binary_large_balanced
46922,46922,Diabetes130US,71518.0,48.0,2.0,137663.0,0.04010150125376362,,,0.09648141050210808,4,binary,large,imbalanced,binary_large_imbalanced
43974,43974,MiniBooNE,72998.0,51.0,2.0,0.0,0.0,,,1.0,2,binary,large,balanced,binary_large_balanced
44088,44088,MiniBooNE,72998.0,51.0,2.0,0.0,0.0,,,1.0,4,binary,large,balanced,binary_large_balanced
44128,44128,MiniBooNE,72998.0,51.0,2.0,0.0,0.0,,,1.0,6,binary,large,balanced,binary_large_balanced
44076,44076,MiniBooNE,72998.0,51.0,2.0,0.0,0.0,,,1.0,3,binary,large,balanced,binary_large_balanced
44119,44119,MiniBooNE,72998.0,51.0,2.0,0.0,0.0,,,1.0,5,binary,large,balanced,binary_large_balanced
46361,46361,Risk_Level_Classification,78600.0,19.0,3.0,0.0,0.0,,,0.10229313005953318,2,3-4,large,imbalanced,3-4_large_imbalanced
41168,41168,jannis,83733.0,55.0,4.0,0.0,0.0,,,0.04379315715694928,1,3-4,large,imbalanced,3-4_large_imbalanced
46810,46810,kick_starter_funding,86502.0,10.0,2.0,7.0,8.092298443966614e-06,,,0.4697976313866753,2,binary,large,imbalanced,binary_large_imbalanced
46479,46479,EDA-Home-Mortgage-NY-2,87930.0,30.0,6.0,98703.0,0.0374172637325145,,,0.0621779833812019,1,5-7,large,imbalanced,5-7_large_imbalanced
46480,46480,EDA-Home-Mortgage-NY-2,87930.0,30.0,6.0,98652.0,0.03739793017172751,,,0.0621779833812019,2,5-7,large,imbalanced,5-7_large_imbalanced
46475,46475,EDA-Home-Mortgage-NY,87931.0,30.0,7.0,98704.0,0.03741721728779763,,,2.1924535747955536e-05,1,5-7,large,imbalanced,5-7_large_imbalanced
23517,23517,numerai28.6,96320.0,22.0,2.0,0.0,0.0,,,0.9795306013399646,2,binary,large,balanced,binary_large_balanced
23512,23512,higgs,98050.0,29.0,2.0,9.0,3.1651690727813043e-06,,,0.8918710324734211,2,binary,large,balanced,binary_large_balanced
357,357,vehicle_sensIT,98528.0,101.0,2.0,0.0,0.0,,,1.0,1,binary,large,balanced,binary_large_balanced
1242,1242,vehicleNorm,98528.0,101.0,2.0,0.0,0.0,,,1.0,1,binary,large,balanced,binary_large_balanced
46520,46520,Credit_score_classification,100000.0,28.0,3.0,60080.0,0.02145714285714286,,,0.3352766389588897,2,3-4,large,imbalanced,3-4_large_imbalanced
46441,46441,Credit_Score_Classification,100000.0,28.0,3.0,62162.0,0.022200714285714285,,,0.3352766389588897,1,3-4,large,imbalanced,3-4_large_imbalanced
46537,46537,dataset_credit_score,100000.0,28.0,3.0,16967.0,0.006059642857142857,,,0.3352766389588897,1,3-4,large,imbalanced,3-4_large_imbalanced
46547,46547,dataset_credit_score,100000.0,28.0,3.0,16967.0,0.006059642857142857,,,0.3352766389588897,2,3-4,large,imbalanced,3-4_large_imbalanced
45938,45938,credit-score-classification-Hzl,100000.0,28.0,3.0,62162.0,0.022200714285714285,,,0.3352766389588897,1,3-4,large,imbalanced,3-4_large_imbalanced
